Warder:::Kattie Lafont:3A3624:F:44:6:2:Doer:Brawling-1,Streetwise-1,Blade-2,GunCbt-1,Mechanical-1,Bribery-1,Gambling-1
Warder:::Diego Bowers:759884:M:35:4:1:Contemplator:Brawling-1,Vehicle-1,Streetwise-1,Electronic-1,GunCbt-1,Gambling-1
Warder:::Hollis Boucher:3736A4:M:32:3:4:Doer:Streetwise-1,Electronic-1,Blade-2,Leader-1
Warder:::Monique Fraisse:75B674:F:26:2:1:Responder:Forgery-1,Streetwise-1,GunCbt-1,Mechanical-1
Warder:::Cornelius Sosa:99A5B3:M:44:6:6:Responder:Streetwise-1,Electronic-1,Leader-2,Bribery-1,Gambling-1,Steward-1,Computer-1
Warder:NR::Palmira Dillard:A97931:F:31:3:14:Shaper:Brawling-1,Streetwise-1,Blade-1,GunCbt-1,Bribery-1
Warder:::Elvis Morin:295C44:M:32:3:2:Responder:JoT-1,Streetwise-1,Mechanical-1,Bribery-1
Warder:::Joy Falk:6B2764:F:38:5:5:Responder:Brawling-2,Streetwise-1,Blade-1,Bribery-2
Warder::Dame:Ivy Karlsson:357634:F:31:3:3:Shaper:Brawling-1,Streetwise-1,Blade-1,Bribery-1
Warder:::Guadalupe Meadows:A86432:M:27:2:4:Responder:Forgery-1,Streetwise-1,Bribery-1
Warder:::Xavier Dickson:66AC84:M:39:5:1:Responder:Vehicle-1,Forgery-1,Streetwise-1,GunCbt-3,Computer-1
Warder:NR::Sam Garnier:589B84:F:28:2:10:Contemplator:Brawling-1,Streetwise-1,Blade-1,Gambling-1
Warder:::Georgette Bond:458774:F:38:5:6:Doer:Streetwise-1,Blade-1,Mechanical-1,Bribery-1,Gambling-2
Warder:::Karisa Boyer:A97664:F:24:1:5:Influencer:Forgery-1,Streetwise-1,Gambling-1
Warder:::Lanora Leroy:785A54:F:40:5:4:Responder:Brawling-1,Forgery-1,Streetwise-1,GunCbt-1,Mechanical-1
Warder:::Fermin Cleveland:998844:M:32:3:4:Contemplator:JoT-1,Streetwise-1,Gambling-2
Warder:::Willia Verrier:247784:F:31:3:4:Shaper:Streetwise-1,GunCbt-1,Medical-1,Bribery-1
Warder:::Herschel Hajdu:346B84:M:28:2:1:Influencer:Streetwise-1,GunCbt-1,Leader-1,Gambling-1
Warder:CPL::Tala Torsten:996B22:F:17:0:9:Mover:CbtR-0,Psion-0,Dance-1,Survival-0
Warder:::Quincy Ross:6DB354:M:42:6:3:Influencer:JoT-1,Streetwise-1,Blade-1,GunCbt-1,Mechanical-1,Gambling-2
Warder:::Roxy Peron:877564:F:22:1:6:Shaper:Streetwise-1,Blade-1,Bribery-1
Warder:::Alaine Morales:558734:F:27:2:5:Influencer:JoT-1,Streetwise-1,Gambling-1
Warder:::Gus Bruneau:7A77A4:M:35:4:1:Responder:Forgery-1,Streetwise-1,Mechanical-1,Leader-1,Medical-1,Gambling-1
Warder:::Felice Fleury:349894:F:40:5:1:Influencer:Vehicle-1,Streetwise-1,Medical-2,Computer-1
Warder:::Freddie Perron:C85984:M:26:2:4:Contemplator:Streetwise-1,Mechanical-1,Bribery-1
Warder:::Tana Simmons:BDC7C4:F:34:4:3:Shaper:Brawling-1,Streetwise-1,Leader-1,Medical-1,Computer-1
Warder:::Meaghan Howell:849974:F:22:1:4:Responder:Forgery-1,Streetwise-1,Blade-1
Warder:::Theda Gosset:BC9884:F:36:4:6:Mover:Streetwise-1,Mechanical-1,Medical-2,Steward-1
Warder:::Dean Quentin:A66A64:M:43:6:2:Contemplator:JoT-1,Brawling-1,Streetwise-1,GunCbt-1,Mechanical-1,Bribery-1
Warder:::Douglass Tixier:743374:M:26:2:2:Mover:Brawling-1,Streetwise-1,Blade-1,Gambling-1
Warder:::Marni McConnell:595384:F:34:4:6:Doer:Brawling-1,Streetwise-1,Leader-1,Bribery-1,Computer-1
Warder:::Cinthia Genin:7677B3:F:40:5:6:Doer:JoT-1,Forgery-1,Streetwise-1,Blade-2,Steward-1
Warder:::Serita Josse:375674:F:34:4:5:Shaper:Forgery-4,Streetwise-1,Blade-1
Warder:::Clare Huff:575884:F:40:5:4:Mover:JoT-1,Streetwise-1,Mechanical-2,Leader-1,Medical-1,Gambling-1
Warder:::Shanti Guzman:48B724:F:23:1:6:Contemplator:Forgery-1,Streetwise-1
Warder:::Nelson Smets:5A7464:M:30:3:5:Doer:Streetwise-1,GunCbt-1
Warder:::Melba Lacoste:8CB964:F:24:1:6:Doer:Streetwise-1,Blade-1,Mechanical-1
Warder:::Felix Stuart:7BA554:M:39:5:6:Influencer:Forgery-2,Streetwise-1,Mechanical-1,Bribery-1
Warder::Knight:Elijah Carver:357A74:M:42:6:2:Responder:JoT-1,Brawling-1,Forgery-1,Streetwise-1,GunCbt-1,Mechanical-1,Bribery-1
Warder:::Vernell Dupond:3877A2:F:44:6:5:Producer:JoT-2,Brawling-1,Streetwise-1,Steward-2,Computer-1
Warder:::Christian Gál:628974:M:35:4:3:Doer:Brawling-1,Forgery-1,Streetwise-1,GunCbt-1,Gambling-1
Warder:::Vincenzo Yates:A376B4:M:39:5:4:Responder:Streetwise-1,Mechanical-1,Leader-1,Medical-1,Bribery-2,Computer-1
Warder:::Madelene Benitez:9B7884:F:27:2:4:Responder:Vehicle-1,Streetwise-1,Medical-1,Bribery-1
Warder:::Elana Hess:693854:F:40:5:2:Responder:Brawling-1,Streetwise-1,GunCbt-1,Bribery-1,Gambling-1
Warder:::Toby Coste:748784:M:38:5:1:Responder:Streetwise-1,Electronic-1,Mechanical-1,Gambling-2,Computer-1
Warder:::Pamila Axelsson:9CB873:F:35:4:6:Responder:JoT-1,Forgery-1,Streetwise-1,Blade-1,GunCbt-1
Warder:::Chang Head:46B694:M:22:1:4:Doer:Streetwise-1,Mechanical-1,Bribery-1
Warder:::Gwen Vandenberghe:4578A4:F:23:1:3:Responder:JoT-1,Streetwise-1,Steward-1
Warder:::Williams Ward:459774:M:22:1:6:Doer:JoT-1,Streetwise-1,Blade-1
Warder:::Ardella Proust:767974:F:23:1:1:Doer:Forgery-1,Streetwise-1
Warder:NR::Phyllis Parent:B96867:F:28:2:11:Doer:Blade-1,Stealth-1,Investigate-1
Warder:::Sanford Godefroy:AB9574:M:35:4:2:Shaper:Forgery-1,Streetwise-1,Mechanical-2,Gambling-1
Warder:::Sheridan Oger:686654:F:38:5:3:Doer:JoT-1,Streetwise-1,GunCbt-1,Bribery-2,Gambling-1
Warder:::Lashay Hegedüs:849A84:F:26:2:1:Doer:Streetwise-1,GunCbt-1,Steward-1,Computer-1
Warder:::Pearline Good:47B294:F:24:1:5:Contemplator:Streetwise-1,Mechanical-1,Steward-1
Warder:NR::Harriet Brand:546C82:F:49:7:12:Influencer:Persuade-1,Streetwise-3,Blade-1,GunCbt-1,Survival-1,Bribery-1,Investigate-2
Warder:::Rosario Padilla:787C64:M:42:6:4:Responder:Brawling-1,Forgery-1,Streetwise-1,Blade-1,Gambling-1
Warder:::Jutta Mahe:3CA474:F:24:1:2:Doer:JoT-1,Streetwise-1,GunCbt-1
Warder:::Nicky Hughes:89A764:M:36:4:6:Mover:Brawling-1,Streetwise-1,GunCbt-1,Mechanical-2
Warder:::Man Blanco:366474:M:34:4:4:Doer:JoT-1,Brawling-1,Streetwise-1,GunCbt-1,Mechanical-1
Warder:::Qiana Jacobsen:988C52:F:38:5:4:Responder:JoT-1,Streetwise-1,GunCbt-1,Mechanical-1,Bribery-2
Warder:::Gustavo Douglas:368A64:M:22:1:6:Shaper:Forgery-1,Streetwise-1,Blade-1
Warder:::Latashia Lacroix:A46684:F:35:4:2:Shaper:Forgery-1,Streetwise-1,Medical-1,Steward-1,Computer-1
Warder:::Chieko Millot:76C744:F:44:6:2:Doer:Brawling-2,Streetwise-1,Blade-2,Mechanical-1,Gambling-1
Warder:::Forest Verrier:A37964:M:24:1:4:Producer:Forgery-2,Streetwise-1
Warder:::Hershel Voisin:5A9A64:M:30:3:4:Shaper:Streetwise-1,Bribery-1,Gambling-1
Warder:::Amado Soler:275944:M:27:2:6:Doer:JoT-1,Forgery-1,Streetwise-1,Bribery-1
Warder:::Michael Ekström:9A8464:M:40:5:4:Shaper:Streetwise-1,Blade-1,GunCbt-4,Mechanical-1
Warder:::Alfredo Blaise:46A854:M:36:4:6:Influencer:Streetwise-1,Blade-1,GunCbt-1,Mechanical-1,Bribery-1
Warder:::Dorine Knowles:9AA684:F:28:2:5:Responder:Streetwise-1,Medical-1,Bribery-1,Steward-1
Warder:::Jordon Bentley:386664:M:34:4:3:Responder:Streetwise-1,Blade-3,Mechanical-1,Bribery-1
Warder:::Noreen Brossard:75B864:F:43:6:5:Mover:JoT-2,Brawling-1,Streetwise-1,GunCbt-1,Mechanical-1
Warder:::Roseline Galland:5CC744:F:43:6:1:Doer:Brawling-1,Streetwise-1,Blade-2,Bribery-2,Gambling-1
Warder:::Arturo Manning:889734:M:36:4:4:Responder:JoT-1,Streetwise-1,Blade-1,Mechanical-2
Warder::Dame:Page Lindström:578464:F:26:2:2:Producer:Streetwise-1,GunCbt-3
Warder:::Laverna Cariou:823464:F:36:4:6:Shaper:Brawling-1,Streetwise-1,GunCbt-1,Mechanical-1,Gambling-1
Warder:::Edie Barton:688983:F:31:3:2:Responder:Streetwise-1,Electronic-1,GunCbt-1,Gambling-1,Computer-1
Warder:::Retta Regnier:86A844:F:42:6:1:Responder:JoT-3,Forgery-1,Streetwise-1,Blade-1,Mechanical-2
Warder:::Leland Lemercier:9968A4:M:23:1:4:Influencer:Streetwise-1,Mechanical-1
Warder:::Else Bailey:6A7A74:F:27:2:3:Responder:Brawling-1,Streetwise-1,Gambling-1
Warder:::Gudrun Pham:465984:F:26:2:6:Influencer:Forgery-1,Streetwise-1,Leader-1,Medical-1
Warder:::Bruce Carvalho:A95864:M:36:4:2:Doer:Streetwise-1
Warder:::Clifford Clark:865434:M:22:1:1:Contemplator:Streetwise-1,Mechanical-1
Warder:::Hans Sosa:B68A84:M:26:2:6:Doer:Forgery-1,Streetwise-1,GunCbt-1,Gambling-1
Warder::Baron:Jose Carrizo:855954:M:27:2:6:Responder:JoT-1,Forgery-1,Streetwise-1,Blade-1
Warder:::Donte Payne:B85644:M:31:3:2:Influencer:Forgery-1,Streetwise-1,GunCbt-1,Gambling-1
Warder:::Tilda Froment:765B74:F:26:2:3:Producer:JoT-1,Forgery-1,Streetwise-1
Warder:::Camille Remond:685774:F:38:5:2:Responder:Streetwise-1,GunCbt-1,Mechanical-1,Bribery-3
Warder:::Terresa Dupin:4B7B34:F:26:2:4:Doer:JoT-1,Forgery-1,Streetwise-1,Mechanical-1
Warder:::Kori Lindsey:57A844:F:39:5:1:Doer:Brawling-1,Forgery-1,Streetwise-1,Blade-1,Mechanical-1,Bribery-2
Warder:::Kelvin Veron:758963:M:24:1:3:Doer:Forgery-1,Streetwise-1,Blade-1
Warder:NR::Brenda Fortin:3B7C74:F:28:2:9:Contemplator:JoT-2,Streetwise-1,Mechanical-1
Warder:NR::Dennis Jensen:B76967:M:34:4:12:Responder:Brawling-1,Forgery-1,Gambling-3
Warder:::Lucien Valentine:565754:M:40:5:3:Doer:JoT-1,Brawling-2,Streetwise-1,Blade-1,Bribery-1,Gambling-1
Warder:::Flossie Briand:9854B4:F:23:1:5:Responder:Streetwise-1,Leader-1,Steward-1
Warder:::Flavia Pichon:985794:F:31:3:2:Influencer:Brawling-1,Streetwise-1,GunCbt-1,Medical-1,Gambling-1
Warder:::Maisha Fontaine:AA9AA4:F:40:5:2:Doer:Streetwise-1,GunCbt-3,Medical-1,Computer-1
Warder:::Katherina Pugh:5B8A44:F:32:3:3:Responder:JoT-1,Streetwise-1,GunCbt-2,Gambling-1
Warder:::Gwenda Clark:5B22A2:F:28:2:2:Contemplator:Forgery-1,Streetwise-1,Electronic-1,Steward-1
Warder:::Majorie Carvalho:997754:F:42:6:2:Responder:Forgery-3,Streetwise-1,GunCbt-1,Mechanical-1,Bribery-1
Warder:::Rashad Jakobsson:2934C4:M:35:4:1:Doer:Brawling-1,Streetwise-1,GunCbt-1,Leader-1,Gambling-1,Steward-1
Warder:::Micah Hoffman:65C894:M:38:5:5:Doer:JoT-1,Streetwise-1,Mechanical-1,Leader-1,Bribery-2
Warder:::Yung Pottier:B9C794:F:38:5:1:Responder:Streetwise-1,Electronic-2,GunCbt-1,Mechanical-1,Gambling-1
Warder:::Garland Mignot:A95544:M:23:1:1:Responder:Streetwise-1,Mechanical-1,Bribery-1
Warder:::Lenard Blaise:354A54:M:42:6:1:Responder:JoT-2,Brawling-1,Streetwise-1,Mechanical-2
Warder:::Nathan Matthews:778C44:M:28:2:5:Doer:Streetwise-1,Blade-2,Bribery-1
Warder:::Garnet Noel:763884:F:36:4:5:Doer:JoT-1,Streetwise-1,Leader-2,Gambling-1,Computer-1
Warder:::Donald Jakobsen:3795B4:M:24:1:5:Doer:Vehicle-1,Streetwise-1,Mechanical-1
Warder:::Willy Rosario:974994:M:44:6:6:Responder:Streetwise-1,Electronic-1,Blade-1,Mechanical-1,Leader-1,Computer-2
Warder:::Daphne Jimenez:869494:F:23:1:1:Contemplator:Streetwise-1
Warder:::Carlos Mullen:3B95A4:M:30:3:6:Responder:Brawling-1,Forgery-1,Streetwise-1,Leader-1
Warder::Knight:Graham Fields:88BB64:M:31:3:1:Influencer:JoT-1,Forgery-1,Streetwise-1,Bribery-1
Warder:::Jaime Steele:964384:M:44:6:3:Influencer:Brawling-1,Streetwise-1,GunCbt-2,Mechanical-1,Medical-2,Computer-1
Warder:::Willette William:A65994:F:24:1:6:Responder:Forgery-1,Streetwise-1,Blade-1
Warder:::Jeannette Darras:896954:F:43:6:5:Responder:JoT-1,Brawling-2,Forgery-1,Streetwise-1,GunCbt-1,Bribery-2
Warder:::Scottie Gould:677984:F:32:3:1:Doer:Brawling-1,Streetwise-1,GunCbt-1,Mechanical-1
Warder:::Rodger Vannier:C5AA64:M:44:6:6:Shaper:JoT-1,Forgery-1,Streetwise-1,Blade-1,Bribery-2
Warder:::Somer Vannier:B9A734:F:35:4:5:Mover:Brawling-1,Streetwise-1,Blade-1,GunCbt-1,Mechanical-1
Warder:::Kory Barnett:C39C24:M:34:4:2:Influencer:Brawling-3,Streetwise-1,GunCbt-1,Bribery-1
Warder:::Coleman Green:74B6A4:M:40:5:5:Doer:JoT-1,Streetwise-1,GunCbt-1,Leader-1,Steward-2,Computer-1
Warder:::Raven Aasen:694764:F:30:3:6:Responder:Streetwise-1,GunCbt-1,Mechanical-2
Warder:::Bruce Morgan:988BB4:M:22:1:3:Contemplator:Vehicle-1,Streetwise-1,Leader-1
Warder:::Bradly Sellers:BA7494:M:38:5:5:Shaper:Forgery-2,Streetwise-1,Electronic-1,Computer-2
Warder:::David Gulyás:8A8B34:F:22:1:5:Doer:JoT-1,Streetwise-1
Warder:::Quintin Kristiansen:84A7A3:M:36:4:2:Doer:Forgery-1,Streetwise-1,Electronic-1,Mechanical-1
Warder:::Kendal Simonsen:546893:F:40:5:2:Contemplator:Forgery-1,Streetwise-1,Mechanical-1,Leader-1,Medical-1,Bribery-1,Gambling-1
Warder:::Shena Berthe:5B7574:F:24:1:4:Responder:JoT-1,Brawling-1,Streetwise-1
Warder:::Carey Pratt:576484:M:44:6:4:Responder:Streetwise-1,Electronic-1,Blade-1,Medical-1,Bribery-3,Computer-1
Warder:::Eula Miller:6D4AA4:F:44:6:3:Responder:Forgery-1,Streetwise-1,Bribery-1,Steward-1,Computer-1
Warder:::Jestine Baker:842794:F:30:3:6:Responder:JoT-1,Forgery-2,Streetwise-1,Computer-1
Warder:::Sherice Dupuis:A88484:F:42:6:6:Influencer:Vehicle-1,Streetwise-1,Electronic-1,Blade-1,Mechanical-2,Medical-1
Warder:::Pansy Fleming:897784:F:24:1:3:Responder:Streetwise-1,Blade-1,Medical-1
Warder:::Elwood Hicks:733463:M:34:4:6:Shaper:JoT-1,Streetwise-1,GunCbt-1,Gambling-2
Warder:::Tena Fülöp:868654:F:28:2:2:Mover:Streetwise-1,Blade-1,Bribery-1
Warder:::Jeri Mårtensson:6B3AA4:F:43:6:2:Influencer:Brawling-1,Streetwise-1,GunCbt-1,Bribery-1,Steward-1,Computer-1
Warder:::Sung Correa:667693:F:31:3:6:Responder:Brawling-1,Vehicle-1,Streetwise-1,Bribery-1
Warder:::Rigoberto Crawford:5537B3:M:43:6:5:Responder:Brawling-1,Forgery-1,Streetwise-1,Blade-1,GunCbt-1,Leader-1,Gambling-1
Warder:::Brandy Crane:65AC83:F:39:5:4:Responder:Streetwise-1,Electronic-1,Blade-1,Gambling-1,Computer-2
Warder:::Renato Franco:5A8644:M:30:3:6:Responder:Brawling-1,Streetwise-1,Blade-1,GunCbt-2
Warder:::Lorri Lamy:286974:F:44:6:2:Doer:Forgery-1,Streetwise-1,Blade-1,Gambling-1
Warder::Knight:Maxwell Hubbard:8C9384:M:40:5:1:Influencer:JoT-1,Brawling-2,Forgery-1,Streetwise-1,GunCbt-1
Warder:::Ophelia Portal:86B6A4:F:35:4:3:Contemplator:Vehicle-1,Forgery-1,Streetwise-1,GunCbt-1,Leader-1,Gambling-1
Warder::Dame:Stacia Jouve:879684:F:27:2:5:Responder:Brawling-1,Vehicle-1,Streetwise-1
Warder:::Kena Otero:4C8784:F:35:4:1:Influencer:JoT-2,Forgery-1,Streetwise-1,GunCbt-1,Steward-1
Warder:LT::Patrick Huss:987A42:M:25:1:12:Influencer:Brawling-0,Vehicle-1,BladeCbt-1,Forgery-0,GunCbt(Pistol/SMG)-0,Streetwise-2,Electronic-0,Mechanical-0,Medical-0,Bribery-1,Gambling-0
Warder:::Eldon Dore:7BAC44:M:44:6:2:Responder:JoT-1,Brawling-1,Streetwise-1,Blade-1,GunCbt-1,Mechanical-1
Warder::Knight:Raymundo Moran:956554:M:26:2:2:Doer:JoT-1,Streetwise-1,Mechanical-1,Bribery-1
Warder:::Irish Gundersen:258C64:F:32:3:3:Responder:Brawling-1,Streetwise-1,Mechanical-2
Warder:::Abdul Imbert:6A5744:M:43:6:6:Influencer:Forgery-1,Streetwise-1,Blade-2,GunCbt-2,Mechanical-1,Bribery-1
Warder:::Alejandro Thorsen:45AB84:M:36:4:6:Responder:Forgery-1,Streetwise-1,Bribery-1,Gambling-1,Steward-1
Warder:::Elinore Maitre:7A8683:F:24:1:5:Responder:Streetwise-1,Mechanical-1
Warder:::Mariano Blomqvist:4A4A74:M:28:2:2:Influencer:JoT-1,Brawling-1,Streetwise-1,Mechanical-1
Warder:::Alvina Descamps:787324:F:36:4:5:Contemplator:JoT-1,Brawling-1,Forgery-1,Streetwise-1,GunCbt-1,Bribery-1
Warder:::Wiley Atkins:667AA4:M:43:6:5:Doer:Streetwise-1,Mechanical-1,Bribery-2,Gambling-1
Warder:NR::Vickie Aguilar:873672:F:31:3:12:Influencer:Brawling-1,Streetwise-1,GunCbt-1,Gambling-1
Warder:::Clotilde Massey:6A8774:F:42:6:5:Doer:Brawling-2,Streetwise-1,Blade-1,Bribery-2
Warder:::Zada Besnard:8A8683:F:31:3:3:Responder:Streetwise-1,Leader-1,Medical-1,Gambling-1,Computer-1
Warder:::Kelly Ekström:A975A4:M:24:1:2:Influencer:JoT-1,Streetwise-1
Warder:::Rosario Daniel:967993:M:42:6:3:Responder:Streetwise-1,Blade-2,Mechanical-1,Bribery-1,Computer-1
Warder:NR::Milton Guthrie:5599B7:M:35:4:11:Influencer:Streetwise-1,Blade-3,GunCbt-1,Medical-1,Leadership-1
Warder:::Trent Rhodes:64C884:M:27:2:1:Shaper:Forgery-1,Streetwise-1,Bribery-1,Steward-1
Warder:::Lyman Bengtsson:A76A84:M:34:4:6:Doer:Brawling-1,Streetwise-1,GunCbt-1,Bribery-1,Steward-1,Computer-1
Warder:::Marlon Maillet:698684:M:44:6:1:Responder:JoT-1,Streetwise-1,Electronic-2,Medical-1,Gambling-1,Computer-1
Warder:::Yvone Townsend:8876C4:F:36:4:5:Doer:JoT-1,Streetwise-1,Leader-1,Gambling-1,Steward-1
Warder:::Kristal Hopkins:799874:F:44:6:2:Doer:JoT-2,Forgery-1,Streetwise-1,Bribery-1,Gambling-1
Warder:::Georgianne Drake:956674:F:24:1:5:Doer:JoT-1,Brawling-1,Streetwise-1
Warder:::Waylon Martens:B9C8A4:M:44:6:4:Responder:Brawling-1,Vehicle-1,Forgery-1,Streetwise-1,Medical-2,Computer-1
Warder:::Rudolph Mészáros:A65884:M:23:1:1:Influencer:Streetwise-1,Mechanical-1,Leader-1
Warder:::Waldo Willems:5C8744:M:35:4:6:Influencer:Brawling-1,Forgery-1,Streetwise-1,GunCbt-1,Mechanical-1
Warder::Knight:Arlie Hale:B8A384:M:34:4:2:Doer:Brawling-1,Vehicle-1,Streetwise-1,GunCbt-1,Mechanical-1,Leader-1
Warder:::Keneth Crosby:78B854:M:44:6:1:Responder:Forgery-2,Streetwise-1,Bribery-2
Warder:::Clyde Jacquet:3C6B54:M:31:3:1:Shaper:JoT-1,Streetwise-1,GunCbt-2
Warder:::Randall Ferry:9563B4:M:28:2:5:Doer:Vehicle-1,Streetwise-1,Bribery-1,Computer-1
Warder:::Aaron Wiggins:855484:M:28:2:1:Mover:Streetwise-1,Blade-1,Mechanical-1
Warder:::Ahmad Gillespie:B5AB64:M:31:3:2:Responder:Streetwise-1,Bribery-2
Warder:::Marcelina Grandjean:6579B4:F:39:5:1:Contemplator:Streetwise-1,Blade-1,Leader-1,Medical-1,Steward-1
Warder:::Enda Washington:4A7A64:F:35:4:1:Doer:Brawling-2,Streetwise-1,Bribery-1
Warder:::Sandra Reid:5955B4:F:36:4:3:Responder:Brawling-1,Streetwise-1,GunCbt-1,Mechanical-2
Warder:::Korey Ware:844844:M:27:2:3:Doer:Brawling-1,Streetwise-1,Blade-1
Warder:::Loren Ledesma:75BB94:M:23:1:4:Responder:Brawling-1,Streetwise-1,Medical-1
Warder:::Laverne Aguirre:378A84:M:27:2:5:Doer:Forgery-1,Streetwise-1,Gambling-1,Computer-1
Warder:::Peter Gallegos:89A774:F:36:4:1:Responder:Brawling-2,Streetwise-1,GunCbt-1
Warder:::Virgilio Pepin:88B6A2:M:22:1:2:Influencer:Forgery-1,Streetwise-1,Bribery-1
Warder::Dame:Ellyn Bazin:6675B4:F:27:2:6:Shaper:JoT-1,Brawling-1,Streetwise-1,Blade-1
Warder:::Warner Simonin:347964:M:22:1:1:Influencer:Forgery-1,Streetwise-1,Blade-1
Warder:::Beau Stout:684894:M:31:3:1:Mover:Brawling-1,Streetwise-1,Mechanical-1,Computer-1
Warder:::Denny Gallais:5B6684:F:30:3:3:Responder:Streetwise-1,Electronic-1,Blade-1,Gambling-1
Warder::Dame:Shantae Lesueur:6CC924:F:22:1:3:Responder:Streetwise-1
Warder::Baroness:Jenice Soós:776AA4:F:22:1:5:Contemplator:Streetwise-1,Medical-1,Steward-1
Warder:::Wilda Hamon:9B7674:F:35:4:1:Responder:Streetwise-1,GunCbt-1,Bribery-1,Gambling-1
Warder:::Kyle Provost:97B733:M:26:2:2:Shaper:Forgery-1,Streetwise-1,Mechanical-1,Bribery-1
Warder:::Gabriel Dennis:4A7A74:M:39:5:3:Shaper:JoT-1,Streetwise-1,Bribery-2
Warder:::Willian Ollivier:9B9794:M:32:3:6:Doer:Streetwise-1,Mechanical-1,Leader-2
Warder:::Mohammad Isaksson:975774:M:28:2:3:Doer:JoT-1,Brawling-1,Streetwise-1,Blade-1
Warder:::Lavenia Rice:B83853:F:44:6:6:Producer:JoT-1,Streetwise-1,Blade-1,Mechanical-1,Bribery-2,Gambling-1
Warder:::Twanda Svendsen:955C64:F:44:6:6:Influencer:JoT-1,Streetwise-1,Blade-1,Mechanical-1,Bribery-1,Gambling-1
Warder:::Macy Cleveland:B56992:F:27:2:2:Shaper:Vehicle-1,Streetwise-1,GunCbt-1,Steward-1
Warder:::Rolando Michaud:679B24:M:23:1:2:Influencer:Streetwise-1,Blade-2
Warder:::Danial Sargent:66A474:M:43:6:3:Responder:JoT-1,Forgery-2,Streetwise-1,Blade-2,GunCbt-1,Bribery-1
Warder:::Shanna Nelson:578654:F:38:5:1:Responder:Forgery-2,Streetwise-1,Blade-1,Bribery-1,Gambling-1
Warder:::Foster Wyatt:585A54:M:28:2:5:Responder:JoT-2,Streetwise-1,Blade-1
Warder:::Chance Vincent:5A7574:M:40:5:6:Doer:Forgery-2,Streetwise-1,Blade-1
Warder:::Tommye Stevens:859584:F:30:3:2:Influencer:Vehicle-1,Streetwise-1,Electronic-1,Gambling-1
Warder:::Clyde Bradshaw:996894:M:28:2:5:Responder:Streetwise-1,Electronic-1,Bribery-1
Warder:::Effie Wiggins:6AB9A4:F:44:6:1:Doer:Vehicle-1,Streetwise-1,Electronic-2,Mechanical-2,Leader-1,Bribery-1
Warder:::Roma Webb:78A982:F:35:4:6:Doer:Streetwise-1,Gambling-2,Computer-1
Warder:::Shon Ball:48A893:M:35:4:2:Mover:JoT-1,Brawling-1,Vehicle-1,Streetwise-1,Electronic-1
Warder:::Major Frederick:789574:M:27:2:4:Doer:JoT-1,Streetwise-1,Blade-1,Bribery-1
Warder:::Alfred Carrizo:9869C4:M:42:6:3:Shaper:JoT-1,Vehicle-1,Streetwise-1,Blade-2,Leader-1,Medical-1,Bribery-1
Warder:::Donny Burks:955A94:M:23:1:6:Influencer:Streetwise-1,Leader-2
Warder:::Orville Cousin:A97794:M:38:5:3:Producer:JoT-2,Vehicle-1,Streetwise-1,Leader-1,Computer-1
Warder:::June Lebeau:976444:F:36:4:4:Mover:JoT-1,Brawling-1,Forgery-1,Streetwise-1,GunCbt-1,Mechanical-1
Warder:::Genoveva Stafford:67A794:F:40:5:1:Doer:JoT-1,Streetwise-1,Electronic-1,GunCbt-1,Mechanical-1,Medical-1,Steward-1
Warder:::Eugena Gulbrandsen:747944:F:23:1:2:Doer:Streetwise-1,GunCbt-1,Bribery-1
Warder:::Neville Bauer:696884:M:35:4:4:Influencer:JoT-1,Streetwise-1,Bribery-1,Gambling-1,Computer-1
Warder:::Jae Powell:9B4674:M:42:6:1:Doer:JoT-1,Streetwise-1,Blade-1,GunCbt-1,Bribery-1,Gambling-2
Warder:::Verla Lefort:84A453:F:28:2:6:Doer:Streetwise-1,GunCbt-2,Bribery-1
Warder:::Sammie Halász:63BD64:M:36:4:6:Producer:Brawling-1,Streetwise-1,Blade-1,Mechanical-1,Bribery-1
Warder:::Trang Rose:5788B4:F:44:6:3:Doer:JoT-1,Streetwise-1,GunCbt-1,Bribery-2,Steward-1,Computer-1
Warder:::Kristal Hurley:7B4A94:F:43:6:5:Influencer:Brawling-1,Vehicle-1,Forgery-1,Streetwise-1,Gambling-2,Steward-1
Warder:NR::Leena Dudley:92A963:F:28:2:9:Doer:Brawling-1,Streetwise-1,GunCbt-1,Bribery-1
Warder::Baroness:Qiana Richmond:677CA4:F:34:4:3:Doer:Brawling-2,Streetwise-1,Electronic-1,Gambling-1
Warder:::Harriett Rivet:B6AB94:F:35:4:3:Responder:JoT-1,Brawling-2,Streetwise-1,Steward-1
Warder:::Herlinda Belin:648A54:F:31:3:1:Doer:JoT-1,Streetwise-1,Bribery-1
Warder:::Christopher Roques:666884:M:39:5:4:Responder:Brawling-1,Streetwise-1,Electronic-1,Mechanical-1,Leader-1,Medical-1
Warder:::Alonzo Russell:4D5654:M:36:4:5:Influencer:Streetwise-1,Bribery-1,Gambling-1
Warder:::Lucrecia Mas:988794:F:35:4:2:Shaper:Streetwise-1,Electronic-1,Mechanical-2,Computer-1
Warder::Baron:Ollie Lawrence:449564:M:23:1:2:Contemplator:Streetwise-1,Blade-1,GunCbt-1
Warder:::Tatum Hayden:797874:F:40:5:4:Doer:Brawling-1,Streetwise-1,Mechanical-2,Bribery-2,Gambling-1
Warder:::Art Balla:289A94:M:40:5:5:Responder:JoT-1,Brawling-1,Streetwise-1,Mechanical-1,Steward-1,Computer-1
Warder:::Ofelia Durand:567B54:F:22:1:6:Responder:Streetwise-1,GunCbt-1
Warder:::Jenna Chapman:6779A4:F:44:6:4:Responder:Streetwise-1,Electronic-2,Leader-1,Gambling-2,Steward-1,Computer-1
Warder:::Cherly Crane:876974:F:23:1:2:Responder:Streetwise-1,Blade-1
Warder:::Lyndon Lebon:69AD54:M:35:4:4:Mover:Streetwise-1,GunCbt-2,Gambling-1
Warder:::Devon Bray:AAA924:F:39:5:3:Responder:Forgery-2,Streetwise-1,Mechanical-1,Bribery-1,Gambling-1
Warder:::Quintin Thornton:887BC4:M:34:4:3:Doer:Brawling-1,Streetwise-1,Medical-1,Bribery-1,Gambling-2
Warder:::Levi Wilder:596554:M:44:6:3:Influencer:JoT-1,Streetwise-1,Blade-1,Mechanical-1,Bribery-1
Warder:::Darrell McClain:8B65A4:M:23:1:1:Doer:Brawling-1,Forgery-1,Streetwise-1
Warder:::Lanell Delmas:7AB2A4:F:23:1:5:Doer:Brawling-1,Vehicle-1,Streetwise-1
Warder:::Benito Auger:757924:M:30:3:2:Influencer:Brawling-2,Streetwise-1,Gambling-2
Warder:::Blaine Vega:85C484:M:34:4:5:Doer:Forgery-1,Streetwise-1,Electronic-1,Medical-1,Computer-1
Warder:::Rafaela Bontemps:576694:F:28:2:2:Contemplator:Streetwise-1,GunCbt-1
Warder::Knight:Hyman Guitton:6A7A84:M:35:4:6:Doer:Forgery-1,Streetwise-1,Medical-2,Gambling-1
Warder:::Jon Preston:666664:M:31:3:5:Doer:Brawling-1,Streetwise-1,Mechanical-2
Warder:::Hector Parent:446822:M:26:2:1:Responder:Forgery-1,Streetwise-1,GunCbt-1
Warder:::Edgardo Verdier:847324:M:26:2:1:Doer:Forgery-1,Streetwise-1,GunCbt-1,Mechanical-1
Warder:::Milo Patterson:8D8643:M:36:4:2:Doer:JoT-2,Streetwise-1,Mechanical-1,Gambling-1
Warder:::Keri Hatfield:878884:F:24:1:3:Doer:Streetwise-1,Electronic-1,Mechanical-1
Warder:::Katelynn Philippot:775964:F:39:5:3:Responder:Brawling-1,Forgery-1,Streetwise-1,Blade-1,GunCbt-1,Bribery-1,Gambling-1
Warder:::Joyce Dobos:445794:F:22:1:6:Doer:Streetwise-1,Steward-1,Computer-1
Warder:::Felicia Aguilar:A54C72:F:39:5:4:Mover:Forgery-1,Streetwise-1,Blade-1,GunCbt-1,Bribery-2
Warder:::Marva Sears:78B234:F:39:5:4:Responder:JoT-1,Forgery-1,Streetwise-1,Bribery-1,Gambling-2
Warder:::Lisha Grosjean:597384:F:43:6:3:Mover:Vehicle-2,Streetwise-1,Blade-1,Mechanical-1,Medical-2
Warder:::Gladys Duriez:978594:F:28:2:3:Doer:Streetwise-1,GunCbt-1,Steward-1,Computer-1
Warder:::Janetta Garza:B878A4:F:39:5:4:Responder:Vehicle-2,Streetwise-1,Blade-2,Mechanical-1,Steward-1
Warder::Baron:Thaddeus Stephens:789864:M:36:4:1:Doer:Brawling-2,Streetwise-1,Blade-1,Bribery-1
Warder:::Major Moody:275964:M:26:2:3:Mover:JoT-1,Brawling-1,Streetwise-1,Blade-1
Warder:::Dorian Langley:96C874:F:34:4:4:Doer:Forgery-1,Streetwise-1,Blade-1,GunCbt-1,Mechanical-1,Gambling-1
Warder:::Joline Vernier:948664:F:40:5:5:Responder:Brawling-1,Forgery-2,Streetwise-1,Blade-1,GunCbt-1
Warder:::Katharine Joly:6A4872:F:27:2:2:Responder:Streetwise-1,Blade-1,Bribery-1
Warder::Baron:Caleb Hines:757554:M:24:1:5:Responder:Brawling-1,Streetwise-1,Blade-1
Path:NR:Marquis:Tama Leclercq:57589D:F:27:2:10:Producer:CbtR-1,Persuade-1
Path:::Demetrius Harris:59C4A7:F:27:2:2:Responder:Streetwise-1,Steward-1
Path::Dame:Karen Barbe:83A49B:F:38:5:4:Contemplator:JoT-1,Science(any)-1,Leader-1,Art(any)-1,Steward-1
Path:::Charles Antoine:875D54:M:42:6:6:Influencer:Vehicle-1,Persuade-1,Recon-1,GunCbt-1,Survival-1,Steward-1
Path:::Maryellen Löfgren:6489A9:F:44:6:4:Mover:Streetwise-2,GunCbt-1,Hunting-1,Survival-1,Steward-1,Computer-1
Path:::Franklin Tangen:6772B8:M:31:3:1:Responder:Persuade-1,Leader-1,Steward-1
Path:::Elly Granger:78B479:F:42:6:4:Doer:Vehicle-2,Recon-1,Survival-2,Steward-1,Computer-1
Path:::Richard Reynolds:386446:M:27:2:3:Responder:JoT-2,Vehicle-1,Steward-1
Path:::Shad Hays:685569:M:39:5:1:Shaper:Vehicle-1,GunCbt-1,Art(any)-1,Steward-1
Path:::Len Orbán:678797:M:23:1:4:Doer:Trade(any)-1,Steward-1
Path:::Brendon Evrard:9A79A9:M:26:2:1:Mover:Leader-1,Survival-1,Steward-1,Computer-1
Path:::Mickey Deleon:B8C57A:M:26:2:4:Shaper:GunCbt-1,Hunting-2,Steward-1
Path:::Gerard Delcroix:85794A:M:27:2:5:Shaper:JoT-1,Steward-1
Path:::Cedrick Mitchell:88B267:M:24:1:4:Contemplator:Recon-1,Survival-1,Steward-1
Path:::Clement Huber:89B5B7:M:22:1:5:Contemplator:Persuade-1,Leader-1,Steward-1
Path:::Elmo Babin:49A769:M:28:2:3:Responder:Recon-1,Art(any)-1,Trade(any)-1,Steward-1
Path:::Rocky Freeman:87A974:M:22:1:4:Influencer:Leader-1,Steward-1
Path:::Anette Lewis:5998B5:F:23:1:6:Responder:Persuade-1,Leader-1,Steward-1
Path:::Dusty Henderson:624885:M:43:6:5:Doer:Recon-2,GunCbt-1,Leader-1,Steward-1,Computer-2
Path:::Geraldo Cornelis:874B87:M:30:3:3:Influencer:Advocate-1,Vehicle-1,Art(any)-1,Survival-1,Steward-1
Path:::Colin Bonner:43657A:M:27:2:4:Shaper:JoT-1,Persuade-1,Steward-1
Path::Knight:Ethan Clements:27AB3B:M:40:5:5:Shaper:Vehicle-1,Leader-1,Steward-1
Path:::Jules Tisserand:B7584A:M:39:5:3:Doer:JoT-1,Persuade-1,GunCbt-1,Steward-1
Path:::Nathanial Laurent:BC8698:M:23:1:1:Doer:Recon-1,Steward-1
Path:::Lowell Adams:87778A:M:34:4:4:Responder:Vehicle-1,Leader-3,Hunting-1,Steward-1
Path:::Britney Cantu:749574:F:40:5:1:Contemplator:JoT-1,Vehicle-1,Recon-1,GunCbt-1,Steward-1,Computer-1
Path:::Clyde Marks:872566:M:32:3:6:Doer:JoT-1,Vehicle-1,Persuade-1,Trade(any)-1,Steward-1
Path:::Rafael Alonso:A6A687:M:35:4:1:Responder:Persuade-1,Recon-1,Hunting-1,Survival-1,Steward-1
Path:::Andres Cottin:7B9B9A:M:30:3:5:Shaper:Advocate-1,GunCbt-1,Hunting-1,Steward-1,Computer-1
Path:::Bertram MacDonald:755469:M:30:3:2:Responder:Persuade-1,Survival-1,Trade(any)-1,Steward-1,Computer-1
Path:::Arron Bergman:68B6B7:M:22:1:2:Responder:Hunting-1,Steward-1
Path:::Antionette Wilkins:477C48:F:23:1:4:Shaper:Vehicle-1,Steward-1
Path:::Ellamae Yates:776577:F:22:1:4:Doer:JoT-1,Steward-1
Path:::Natasha Portal:9AA899:F:30:3:3:Mover:Streetwise-1,Recon-1,GunCbt-2,Steward-1
Path:::Deja Lelong:5858A8:F:36:4:3:Doer:Liason-1,Streetwise-1,Leader-1,Art(any)-1,Survival-1,Steward-1
Path:::Denny Wouters:96B746:M:40:5:1:Responder:JoT-1,Hunting-1,Survival-1,Steward-1,Computer-1
Path::Dame:Catrice Hajdu:B64D4B:F:40:5:3:Responder:Recon-1,Leader-1,Hunting-2,Art(any)-1,Steward-1
Path:::Warren Lynch:5C6776:M:30:3:6:Producer:JoT-1,Leader-1,Steward-1
Path:::Kisha Pires:68BCBA:F:24:1:3:Responder:Steward-1,Computer-1
Path:::Alfonso Forsberg:A265C2:M:38:5:2:Influencer:JoT-1,Liason-1,Vehicle-1,Recon-1,Leader-1,Steward-1
Path:::Gerardo Charpentier:66BA89:M:43:6:2:Responder:Liason-1,Science(any)-1,Vehicle-1,Trade(any)-1,Steward-1,Computer-3
Path:::Boyce Tanguy:755AB6:M:35:4:6:Contemplator:Streetwise-1,Leader-1,Steward-1
Path:::Lashunda Lemoine:BB7858:F:36:4:6:Responder:Leader-1,Art(any)-1,Survival-1,Trade(any)-1,Steward-1,Computer-1
Path:::Barbar Morice:58A886:F:39:5:5:Influencer:Vehicle-2,Persuade-1,Steward-1
Path:::Bret Burks:796764:M:36:4:2:Doer:Persuade-1,Recon-1,Hunting-1,Survival-1,Steward-1
Path:::Quentin Ferreyra:83BA58:M:23:1:2:Doer:GunCbt-1,Hunting-1,Steward-1
Path::Knight:Armand Leon:87878B:M:36:4:2:Doer:JoT-1,Liason-1,Hunting-2,Survival-1,Steward-1
Path:NR::Betty Jimenez:566527:F:43:6:12:Shaper:JoT-1,CbtR-1,Persuade-1,GunCbt-1,Leadership-1
Path:::Donita Fremont:564264:F:35:4:6:Responder:JoT-1,Recon-1,GunCbt-1,Steward-1,Computer-1
Path:::Alan Menard:7385D9:M:28:2:5:Responder:Trade(any)-1,Steward-1
Path:::Lewis Monroe:C4664A:M:24:1:1:Doer:Leader-1,Survival-1,Steward-1
Path:::Jenni Phelps:885586:F:42:6:5:Doer:Science(any)-2,Advocate-1,Persuade-1,GunCbt-1,Leader-1,Trade(any)-1,Steward-1
Path:::Tyrell Szalai:678767:M:22:1:3:Producer:Survival-1,Steward-1
Path:::Markus Lara:C9C357:M:27:2:6:Responder:JoT-1,GunCbt-1,Steward-1
Path::Dame:Collene Lester:BCAAAB:F:27:2:5:Responder:Science(any)-1,Vehicle-1,Art(any)-1,Steward-1
Path:::Vicki Gunnarsson:8B6983:F:23:1:6:Responder:Science(any)-1,Leader-1,Steward-1
Path:::Winston Dyer:6BC476:M:32:3:5:Doer:Recon-3,Hunting-1,Steward-1
Path:::Renaldo Antal:5796DA:M:22:1:5:Responder:Art(any)-1,Steward-1
Path::Dame:Marcelene Cornelis:834C6B:F:22:1:2:Responder:Leader-1,Survival-1,Steward-1
Path::Knight:Walter Duret:8B548B:M:35:4:6:Responder:Advocate-1,Vehicle-1,Recon-1,Survival-1,Steward-1
Path:::Troy Hood:C73C99:M:30:3:5:Doer:Trade(any)-1,Steward-1,Computer-2
Path:::Marilou McKnight:863875:F:43:6:5:Responder:JoT-1,Vehicle-1,Recon-1,GunCbt-1,Art(any)-1,Survival-1,Trade(any)-1,Steward-1
Path:::Tran Cotton:2B8C46:F:32:3:1:Responder:Hunting-2,Steward-1,Computer-1
Path:::Refugio Deville:9A8785:M:32:3:2:Doer:Leader-1,Survival-1,Steward-1
Citizen:::Gordon Monroe:484978:M:22:1:2:Doer:Flyer(any)-1,Advocate-1
Citizen::Dame:Rosalee Capelle:78668B:F:22:1:5:Responder:Admin-1,Streetwise-1
Citizen:::Leland Britt:887896:M:39:5:4:Contemplator:Advocate-1,Comms-1,Carouse-1,Streetwise-1,Trade(any)-1,Athletics-1
Citizen:::Fatimah Letellier:78A757:F:36:4:5:Responder:Admin-1,Advocate-1,Survival-1,Steward-1
Citizen:::Leopoldo Moe:453588:M:36:4:5:Responder:Admin-1,Advocate-1,Survival-1,Gambler-1
Citizen:::Tania Montagne:55A599:F:35:4:3:Shaper:Admin-1,Engineering-1,Drive(any)-1,Athletics-1
Citizen:::Eddie McNeil:A7A865:F:28:2:6:Influencer:Comms-1,Survival-1,Athletics-1
Citizen:::Lonnie Everett:9A7789:M:43:6:6:Shaper:Science(any)-1,Advocate-1,Diplomat-1,Broker-1,Computer-3
Citizen:::Willia Engström:7AA594:F:44:6:1:Doer:Admin-1,Advocate-1,Medic-3,Broker-1,Steward-1
Citizen:::Mauro Caillaud:B29729:M:26:2:6:Doer:Survival-1,Engineering-1,Computer-1
Citizen:::Valerie Rogers:78983A:F:27:2:4:Shaper:Engineering-1,Broker-1
Citizen:::Dalton Christensen:A77783:M:27:2:1:Influencer:Advocate-1,Broker-1
Citizen:::Evan Beaumont:9A7757:M:40:5:1:Influencer:Streetwise-2,Gambler-1,Broker-1,Computer-1
Citizen:::Wan Abrahamsson:A77877:F:39:5:3:Doer:Comms-1,Streetwise-2,Survival-1,Trade(any)-1,Drive(any)-1
Citizen:::Morris Prieur:264526:M:27:2:2:Doer:Carouse-1,Gambler-1,Engineering-1
Citizen:::Malena Moine:767666:F:40:5:1:Producer:Admin-1,Advocate-1,Trade(any)-1,Broker-1,Steward-1
Citizen:::Migdalia Conley:8AC767:F:26:2:1:Doer:Streetwise-1,Drive(any)-1
Citizen:::Matilda Ek:676557:F:32:3:4:Responder:Streetwise-2,Engineering-1,Trade(any)-1
Citizen:::Elisha Jakab:26A964:M:43:6:2:Doer:Carouse-1,Trade(any)-1,Broker-1,Drive(any)-1,Steward-2,Athletics-1
Citizen:::Joya Jarry:585C96:F:28:2:1:Responder:Advocate-1,Streetwise-1
Citizen:::Cleo Poirier:26A365:F:22:1:6:Responder:Flyer(any)-1,Computer-1
Citizen::Baron:Vicente Blake:95A56C:M:40:5:4:Influencer:Flyer(any)-1,Admin-1,Streetwise-1,Trade(any)-1,Steward-1,Athletics-1
Citizen:::Maegan Hinton:97489A:F:22:1:1:Responder:Comms-1,Engineering-1
Citizen:::Toney Murray:99437A:M:39:5:3:Contemplator:JoT-1,Flyer(any)-1,Advocate-1,Streetwise-1,Gambler-1,Athletics-1
Citizen::Baron:Charley Jung:B7689C:M:23:1:2:Doer:Streetwise-1,Athletics-1
Citizen:::Stewart Vass:497696:M:30:3:2:Shaper:Comms-1,Medic-1,Language-1,Trade(any)-1
Citizen:::Alphonse Costa:936A28:M:27:2:4:Shaper:Survival-1,Broker-1,Drive(any)-1
Citizen:::Sherika Everett:946767:F:40:5:6:Responder:Carouse-1,Gambler-1,Engineering-2
Citizen:::Leisha Senechal:474836:F:35:4:1:Responder:Admin-1,Carouse-1,Streetwise-1,Engineering-1
Citizen:::Kacie Germain:AB7578:F:38:5:3:Responder:Admin-1,Advocate-1,Carouse-1,Gambler-1,Engineering-1
Citizen:::Ashlyn Strong:B75B77:F:44:6:6:Influencer:JoT-1,Streetwise-2,Gambler-1,Trade(any)-1,Broker-1
Citizen:::Jarred Conte:4953B2:M:40:5:4:Contemplator:Diplomat-1,Carouse-1,Gambler-1,Broker-1,Computer-1
Citizen:::Damian Bataille:C478A9:M:44:6:2:Shaper:Flyer(any)-1,Science(any)-2,Streetwise-3,Computer-1
Citizen:::Reiko Coste:89A956:F:38:5:6:Influencer:Admin-1,Streetwise-1,Drive(any)-2
Citizen:::Shauna Andrews:486745:F:28:2:6:Doer:JoT-1,Comms-1,Computer-1
Citizen:::Florinda Lecomte:867742:F:22:1:5:Influencer:Streetwise-1,Computer-1
Citizen:::Prince Moulin:87A692:M:23:1:6:Contemplator:Advocate-1
Citizen:::Andrew Boudet:C67685:M:32:3:5:Responder:Science(any)-1,Admin-1,Language-1,Drive(any)-1
Citizen:::Elfriede Villarreal:487446:F:28:2:3:Shaper:Carouse-1,Streetwise-1,Gambler-1
Citizen:::Dorotha Barry:698598:F:28:2:5:Contemplator:Streetwise-2,Engineering-1
Citizen:NR::Agata Clark:783679:F:29:2:13:Shaper:CbtR-2,BladeCbt-1
Citizen:::Foster Monteil:8A56CA:M:28:2:4:Doer:Advocate-2
Citizen:::Gertrude Berard:3AC948:F:27:2:6:Responder:Trade(any)-1,Computer-1
Citizen:::Akiko Cariou:787877:F:36:4:3:Responder:Flyer(any)-1,Comms-1,Survival-1,Broker-1
Citizen:::Dorsey Hartman:888448:M:44:6:4:Responder:Carouse-1,Broker-1,Drive(any)-1,Steward-1,Computer-2
Citizen:::Kyra Garrison:994768:F:42:6:1:Mover:JoT-1,Comms-1,Gambler-1,Engineering-1,Trade(any)-2,Drive(any)-1
Citizen:::Jody Lemoine:736948:M:28:2:1:Producer:Engineering-1,Broker-1,Steward-1
Citizen:::Alba Francis:578995:F:22:1:2:Mover:JoT-2
Citizen:::Fredric Åkesson:9B6357:M:35:4:1:Contemplator:JoT-1,Advocate-1,Comms-1,Streetwise-1,Broker-1
Citizen:::Dorthea Bruyere:57BA78:F:39:5:6:Responder:Flyer(any)-1,Advocate-2,Streetwise-1,Engineering-1,Steward-1
Citizen:::Antwan Wall:678589:M:39:5:3:Mover:JoT-1,Science(any)-2,Streetwise-2,Drive(any)-1
Citizen:::Corey Rouyer:35B48A:M:38:5:2:Producer:Advocate-1,Carouse-1,Streetwise-1,Computer-2
Citizen:::Fabian Andresen:798597:M:35:4:2:Doer:Flyer(any)-1,Language-3,Steward-1
Citizen:::Lezlie Miller:569659:F:44:6:5:Doer:Streetwise-2,Engineering-1,Drive(any)-2
Citizen:::Les Maillot:A6CB48:M:42:6:4:Responder:JoT-1,Advocate-1,Comms-3,Engineering-2
Citizen:::Cristi Downs:288786:F:31:3:4:Responder:Carouse-2
Citizen::Dame:Dannielle Baudouin:B48ACB:F:38:5:1:Doer:Medic-2,Drive(any)-1,Computer-1,Athletics-2
Citizen:::Delaine Szalai:7555A8:F:23:1:6:Influencer:Comms-1,Drive(any)-1
Citizen:::Ines Wilkerson:58A56A:F:42:6:2:Responder:JoT-1,Admin-1,Comms-1,Broker-1,Steward-1,Athletics-1
Citizen:::Dannielle Pelletier:9AA4B7:F:30:3:5:Influencer:Streetwise-1,Gambler-1,Broker-1,Computer-1
Citizen::Knight:Harry Wauters:68B48B:M:43:6:5:Producer:JoT-1,Flyer(any)-1,Admin-2,Comms-1,Drive(any)-1
Citizen:::Carey Valette:6693A5:F:23:1:6:Responder:JoT-1,Comms-1
Citizen:::Floria Whyte:9BC4A6:F:24:1:3:Responder:Flyer(any)-1,Medic-1
Citizen:::Elvis Pieters:A46964:M:38:5:5:Doer:Flyer(any)-1,Advocate-2,Streetwise-1,Gambler-1,Trade(any)-1
Citizen:::Stacia Whitley:649C46:F:26:2:3:Shaper:Flyer(any)-1,Steward-1
Citizen:::Krystina Britt:A58A35:F:43:6:6:Responder:Advocate-1,Carouse-1,Survival-2
Citizen:::Donnell Montagne:676884:M:40:5:5:Doer:Science(any)-1,Admin-1,Medic-1,Engineering-1,Trade(any)-1,Athletics-1
Citizen:::Jerrie Pál:A47838:F:44:6:3:Responder:JoT-1,Admin-1,Carouse-1,Streetwise-2,Survival-1,Athletics-1
Citizen:::Young François:95B973:M:26:2:3:Responder:JoT-1,Broker-1,Computer-1
Citizen:::Elvis Powell:7ABA47:M:34:4:1:Doer:Flyer(any)-1,Admin-1,Survival-1,Steward-1,Computer-1
Citizen:::Logan Boisseau:957B76:M:34:4:6:Responder:Comms-1,Carouse-2,Engineering-1,Trade(any)-1
Citizen:::Gerry Szőke:777224:M:32:3:4:Doer:JoT-1,Flyer(any)-1,Comms-1,Survival-1
Citizen:::Wade Vera:7827C6:M:24:1:5:Influencer:JoT-1
Citizen:::Emelia Lind:968B47:F:26:2:5:Responder:Admin-1,Computer-1
Citizen:::Sandy Vallee:7A4767:M:28:2:1:Influencer:Advocate-1,Carouse-1,Gambler-1
Citizen:::Seymour Osborn:8AA375:M:24:1:1:Influencer:Steward-1
Citizen::Baron:Jaime Virág:7276AC:M:35:4:2:Doer:Advocate-1,Medic-1,Engineering-1,Trade(any)-1,Broker-1
Citizen:::Toby Hardin:8952B7:M:30:3:4:Influencer:Streetwise-1,Computer-1
Citizen:::Chandra Capelle:78BC33:F:34:4:5:Doer:Streetwise-1,Survival-1,Engineering-2
Citizen:::Denver Boone:789673:M:27:2:5:Doer:Advocate-1,Engineering-1
Citizen:::Maynard Ferguson:6B4569:M:30:3:1:Doer:Comms-1,Carouse-1,Streetwise-1,Broker-1
Citizen:::Casey Declercq:466796:M:28:2:2:Responder:JoT-1,Diplomat-1,Engineering-1
Citizen:::Jamika Curtis:8A3B58:F:32:3:5:Shaper:Flyer(any)-1,Admin-1,Gambler-1
Citizen:::Jorge Otero:537563:M:24:1:6:Influencer:Advocate-1,Carouse-1
Citizen:::Rhett Zimmermann:897693:M:26:2:1:Responder:Medic-1,Drive(any)-1
Citizen:::Reggie Beauvais:975336:M:44:6:1:Doer:Flyer(any)-1,Advocate-1,Comms-2,Streetwise-1,Survival-1,Trade(any)-1
Citizen:::Fatimah Ochoa:289866:F:23:1:2:Responder:Streetwise-1,Steward-1
Citizen:::Buena Morin:774477:F:24:1:5:Doer:Streetwise-1,Computer-1
Citizen:::Cristal Lambrechts:58776A:F:34:4:4:Responder:Streetwise-1,Gambler-2,Trade(any)-1,Athletics-1
Citizen:::Joslyn Deville:577CCA:F:44:6:4:Mover:JoT-1,Diplomat-1,Gambler-2,Engineering-1,Language-1,Drive(any)-1
Citizen:::Lawana Franklin:785A39:F:28:2:4:Responder:JoT-1,Gambler-1
Citizen:::Dede Braun:583AA7:F:43:6:2:Influencer:Advocate-1,Streetwise-3,Gambler-1,Trade(any)-1,Computer-1
Citizen:::Sandy Pope:633567:M:38:5:6:Responder:Advocate-1,Comms-1,Survival-2,Trade(any)-1
Citizen:::Daniell Mays:6528A8:F:36:4:1:Responder:JoT-1,Flyer(any)-1,Advocate-1,Survival-1,Gambler-1
Citizen:::Coralie Serre:9A8763:F:28:2:1:Shaper:Streetwise-1,Gambler-1,Athletics-1
Citizen:::Ila Morales:B996A8:F:36:4:1:Doer:Admin-1,Advocate-2,Streetwise-1,Survival-1
Citizen:::Gregory Moens:5658AA:M:39:5:2:Responder:Flyer(any)-2,Engineering-1,Computer-2
Citizen:::Santo Verstraeten:C46F7A:M:42:6:1:Doer:Advocate-1,Carouse-1,Gambler-1,Drive(any)-1
Citizen:::Marcus Boulet:3B9868:M:23:1:2:Responder:Advocate-1,Computer-1
Citizen:::Lizzie Ware:68BB67:F:27:2:6:Doer:Flyer(any)-1,Drive(any)-1,Athletics-1
Citizen:::Jessie Duhamel:A43588:M:22:1:6:Doer:Trade(any)-1,Computer-1
Guide:::Johanna Bachelet:889B66:F:36:4:6:Influencer:CbtR-1,Persuade-1,Trade(any)-1,Computer-1
Guide:::Jerald Göransson:39C84A:M:43:6:2:Influencer:JoT-2,CbtR-1,Recon-1,GunCbt-1,Trade(any)-1
Guide:::Jamison Veron:6A6777:M:39:5:5:Responder:CbtR-1,Persuade-1,Leader-1,Art(any)-1,Trade(any)-1
Guide:::Regena Pinson:77537A:F:24:1:5:Doer:CbtR-1,Recon-1,Computer-1
Guide:::Haydee Lepage:472A75:F:43:6:4:Influencer:CbtR-1,Persuade-2,Leader-2,Art(any)-1,Survival-1
Guide:::Giovanna Tran:78A435:F:43:6:5:Influencer:CbtR-1,Persuade-1,Hunting-1
Guide:::Amada Bruyere:A6B252:F:40:5:5:Producer:CbtR-1,Vehicle-1,GunCbt-2,Trade(any)-1
Guide:::Roger Balázs:49A9A7:M:31:3:4:Responder:CbtR-1,GunCbt-1,Survival-1,Computer-1
Guide:::Ocie Myklebust:C58944:F:44:6:4:Contemplator:CbtR-1,Persuade-2,GunCbt-1,Survival-1,Trade(any)-1,Computer-1
Guide:::Roxy Monroe:6AD383:F:42:6:2:Responder:JoT-2,CbtR-1,Persuade-1,Recon-1,Leader-1
Guide:::Mariel Pepin:B78568:F:22:1:6:Doer:JoT-1,CbtR-1
Guide:::Adelia Danielsson:967484:F:35:4:3:Contemplator:CbtR-1,Vehicle-1,Persuade-1,GunCbt-1,Survival-1,Trade(any)-1
Guide:::Deloris Ruud:CA4886:F:22:1:5:Contemplator:Science(any)-1,CbtR-1,Hunting-1
Guide:::Deja Máté:6B5A38:F:35:4:3:Doer:CbtR-1,Leader-1,Survival-1,Trade(any)-1
Guide:::Rachelle Geffroy:B56778:F:23:1:3:Responder:CbtR-1,Persuade-1,Recon-1
Guide::Baron:Erick Davenport:897A4C:M:26:2:4:Influencer:CbtR-1,Vehicle-1
Guide::Knight:Arturo Peres:79A94B:M:43:6:4:Responder:CbtR-1,Persuade-1,GunCbt-1,Survival-1,Trade(any)-2,Computer-1
Guide:::Delora Soria:5595C5:F:39:5:5:Responder:CbtR-1,Recon-1,GunCbt-1,Leader-2,Computer-1
Guide:::Myong Turner:9B7A76:F:30:3:2:Shaper:JoT-1,CbtR-1,Leader-2
Guide:::Akiko Gasnier:7A8946:F:35:4:2:Doer:CbtR-1,Vehicle-1,Persuade-1,Recon-1,Trade(any)-1
Guide:::Lilla Da:68C9C6:F:39:5:2:Influencer:Liason-2,CbtR-1
Guide:::Don Jónás:533A45:M:23:1:6:Responder:JoT-1,CbtR-1,Hunting-1
Guide:::Jamison Bergman:58A6B9:M:30:3:1:Shaper:Liason-1,CbtR-1,Persuade-1,Art(any)-1,Trade(any)-1
Guide::Baroness:Cora Vallee:439BAC:F:42:6:4:Responder:JoT-1,Liason-1,Science(any)-1,CbtR-1,Survival-2
Guide:::Davida May:8794B7:F:26:2:3:Contemplator:CbtR-1,Computer-1
Guide:::Martin Butler:397857:M:42:6:5:Contemplator:JoT-2,CbtR-1,Trade(any)-1,Computer-1
Guide::Knight:Jaime Parrish:6CA75B:M:40:5:3:Doer:JoT-1,CbtR-1,GunCbt-1,Leader-1,Hunting-1,Trade(any)-2
Guide::Knight:Tim Roche:56987B:M:40:5:5:Contemplator:CbtR-1,GunCbt-1,Survival-1
Guide:::Shawnda Ek:474358:F:40:5:2:Responder:CbtR-1,Vehicle-1,Leader-1,Survival-1,Computer-1
Guide:::Regine Britt:B95475:F:31:3:6:Producer:CbtR-1,Persuade-1,Hunting-1
Guide:::Carlton Papp:776879:M:44:6:6:Contemplator:CbtR-1,Vehicle-2,GunCbt-1,Trade(any)-1,Computer-1
Guide:::Mireya Savage:5B78B5:F:28:2:5:Mover:CbtR-1,Vehicle-1,Streetwise-1,Hunting-1
Guide:::Sherlyn Segers:6886C6:F:44:6:5:Doer:Science(any)-1,CbtR-1,Recon-1,GunCbt-1,Survival-1,Trade(any)-1
Guide:LT::Gabriela Wright:366A75:F:21:0:12:Mover:ShipsBoat-1,Recon-0,Pistol-1
Guide:::Concepcion Thomassen:367CA2:F:32:3:4:Responder:CbtR-1,Persuade-1,Recon-1,Leader-1,Trade(any)-1
Guide::Knight:Erasmo McIntosh:4BC93B:M:44:6:5:Shaper:JoT-2,CbtR-1,GunCbt-1,Hunting-1,Survival-1,Computer-1
Guide::Baron:Josef Davies:5ACBAC:M:34:4:5:Responder:Science(any)-1,CbtR-1,Vehicle-1,Persuade-1,Recon-1
Guide:::Na Millet:355C58:F:31:3:5:Responder:JoT-1,CbtR-1,Computer-1
Guide:::Haydee Goossens:856995:F:42:6:5:Responder:CbtR-1,Vehicle-2,Art(any)-1,Trade(any)-1
Guide:::Kermit Guillot:557A68:M:39:5:3:Doer:CbtR-1,Vehicle-2,Hunting-1,Trade(any)-1,Computer-1
Guide::Knight:Michel Beaulieu:75B87B:M:39:5:1:Doer:CbtR-1,Vehicle-1,Leader-3,Computer-1
Guide:::Ricky Arnesen:966798:M:36:4:2:Responder:Advocate-1,CbtR-1,Leader-2,Art(any)-1,Trade(any)-1
Guide:::Amal Parsons:99558A:F:28:2:3:Doer:CbtR-1,Persuade-1,Hunting-1
Guide::Baroness:Lanette Vigneron:98684C:F:30:3:4:Doer:JoT-1,CbtR-1,Vehicle-1,Persuade-1
Guide:::Rufus Patel:372589:M:42:6:4:Mover:CbtR-1,Recon-1,Art(any)-2,Survival-2
Guide:::Charolette Allen:24A288:F:26:2:2:Shaper:JoT-1,Advocate-1,CbtR-1
Guide:::Bob Ochoa:B7C533:M:42:6:1:Shaper:JoT-1,CbtR-1,Vehicle-1,GunCbt-1,Art(any)-1,Survival-1
Guide:::Bo Constant:6A7894:M:43:6:3:Contemplator:JoT-1,Advocate-1,CbtR-1,Survival-1,Trade(any)-1
Guide:::Anthony Blaise:685467:F:23:1:5:Doer:CbtR-1,Recon-1,Leader-1
Guide:::Norbert Duchene:673945:M:34:4:5:Doer:CbtR-1,Vehicle-1,Leader-2,Computer-1
Guide:::Dewitt Bird:868383:M:28:2:3:Responder:CbtR-1,Vehicle-1,Recon-1
Guide:::Corinna Wilcox:CA9836:F:24:1:2:Responder:CbtR-1
Guide:::Larraine Russell:B87985:F:32:3:3:Doer:JoT-1,CbtR-1,Survival-1,Trade(any)-1
Guide::Knight:Neil Mercier:7B7B6B:M:22:1:5:Shaper:CbtR-1,Leader-1
Guide:::Charles Hutchinson:388467:M:30:3:6:Responder:CbtR-1,Recon-1,GunCbt-1
Guide:::Melania Turpin:777967:F:36:4:2:Doer:CbtR-1,Persuade-1,Recon-1,GunCbt-1,Leader-1
Guide:::Era Desmet:8C6457:F:43:6:2:Influencer:CbtR-1,Persuade-1,Recon-1,GunCbt-1,Hunting-2,Art(any)-1
Guide:::Jenise Verger:597793:F:26:2:1:Contemplator:JoT-1,CbtR-1,GunCbt-1,Survival-1
Guide:::Claudine Sandberg:2D8856:F:36:4:6:Responder:CbtR-1,Persuade-1,Leader-1,Hunting-1
Guide:::Roxanna Aitken:893878:F:24:1:4:Influencer:CbtR-1,Leader-2
Guide:::Karmen Hamon:8A73A7:F:40:5:3:Responder:CbtR-1,Vehicle-1,Recon-1,Leader-1,Trade(any)-1
Guide:::Essie Graham:4C7BB8:F:44:6:5:Responder:JoT-1,Liason-1,CbtR-1,Vehicle-1,Trade(any)-1
Guide:::Talitha Pain:59C859:F:40:5:4:Responder:JoT-2,CbtR-1,Vehicle-1,Hunting-1,Computer-1
Guide:::Cyrus Lambert:76D7C3:M:35:4:3:Responder:CbtR-1,GunCbt-1,Leader-1,Hunting-1
Guide::Dame:Shin Perret:478C7B:F:44:6:2:Responder:JoT-1,CbtR-1,Vehicle-1,GunCbt-1,Art(any)-1,Trade(any)-2
Guide:SGT::Baltasar Broden:783679:M:22:1:14:Doer:Electronic-0,CbtRifle-2,Grav-1
Guide:::Johnie Roth:767783:F:24:1:1:Doer:CbtR-1,Survival-1,Computer-1
Guide:::Elvina Royer:768579:F:40:5:1:Responder:CbtR-1,Recon-1,Leader-2,Survival-2
Guide::Baroness:Jamie Saunders:B6A86C:F:44:6:1:Responder:CbtR-1,Persuade-1,GunCbt-1,Leader-1,Hunting-1,Art(any)-1,Survival-1
Guide::Dame:Chieko McCarthy:48498B:F:34:4:3:Responder:JoT-1,CbtR-1,Art(any)-1
Guide:::Forrest Horváth:AC9846:M:44:6:1:Mover:CbtR-1,Recon-1,Art(any)-2,Survival-2,Computer-1
Guide:::Arlyne Fulton:453539:F:31:3:2:Doer:JoT-3,CbtR-1,Leader-1
Guide:::Tiny Svensson:765B72:F:30:3:1:Doer:JoT-2,CbtR-1,Computer-1
Guide:::Ezekiel Clarke:769C98:M:26:2:2:Responder:Liason-1,CbtR-1,Vehicle-1,Trade(any)-1
Guide:::Samella Britt:6C9676:F:43:6:5:Shaper:CbtR-1,GunCbt-1,Leader-1,Hunting-1,Art(any)-2,Computer-2
Guide:::Dwayne Andersen:CB8686:M:36:4:5:Responder:CbtR-1,Leader-2,Survival-1
Guide:::Shanell Meunier:58877A:F:30:3:1:Mover:CbtR-1,Recon-1,Leader-1,Trade(any)-1,Computer-1
Guide:::Leland Sivertsen:44779A:M:34:4:4:Producer:JoT-1,Liason-1,CbtR-1,Streetwise-1,GunCbt-1,Leader-1
Guide:::Jess Hoffman:88A774:M:39:5:3:Mover:CbtR-1,GunCbt-1,Leader-1,Survival-1,Trade(any)-1,Computer-1
Guide:::Nicolas Myklebust:7A9742:M:43:6:2:Influencer:JoT-1,CbtR-1,Persuade-1,Recon-1,GunCbt-1,Leader-2,Hunting-1
Guide:::Shelby Irwin:B775B8:M:26:2:4:Contemplator:CbtR-1,Streetwise-1,Survival-1
Guide:::Eliseo Jacques:367886:M:40:5:4:Responder:JoT-1,CbtR-1,Trade(any)-1,Computer-1
Guide:::Carrol Vincent:BA7B6A:M:32:3:4:Responder:JoT-1,CbtR-1,Persuade-1,Survival-1
Guide::Dame:Shanell Teyssier:AB699B:F:40:5:5:Responder:JoT-1,Science(any)-1,Advocate-1,CbtR-1,Leader-2,Survival-1
Guide:::Dwayne Simons:C39898:M:31:3:5:Doer:CbtR-1,Vehicle-1,Persuade-1,GunCbt-1,Leader-1
Guide:::Loura Stafford:77A682:F:35:4:3:Influencer:CbtR-1,Vehicle-1,Recon-2,GunCbt-1,Computer-1
Guide:::Kennith Hardouin:65AAB9:M:24:1:1:Responder:CbtR-1,Art(any)-1,Computer-1
Guide:::Layla Thys:652437:F:39:5:5:Doer:CbtR-1,Recon-3,GunCbt-1,Hunting-1,Computer-1
Guide:::Cornelius Dodson:868558:M:27:2:1:Contemplator:CbtR-1,Persuade-1,Recon-1
Guide::Dame:Allison Young:54649B:F:23:1:1:Doer:Liason-1,CbtR-1
Guide:::Deandrea Simon:C973B6:F:30:3:6:Responder:Advocate-1,CbtR-1,Streetwise-1,GunCbt-1
Guide:::Sheree Bailleul:A76756:F:28:2:5:Doer:JoT-1,CbtR-1,Hunting-1,Computer-1
Guide:::Wendell Moi:57B987:M:30:3:5:Contemplator:Liason-2,CbtR-1,GunCbt-1,Survival-1
Guide:::Becky Ben:AA8A67:F:32:3:3:Doer:JoT-1,CbtR-1
Guide:::Delmar Bowen:595A98:M:26:2:4:Producer:CbtR-1
Guide:::Leonia Hamelin:765389:F:35:4:3:Responder:CbtR-1,Persuade-1,Streetwise-1,Hunting-2,Computer-1
Guide:::Scottie Duchemin:87A576:M:26:2:5:Responder:JoT-1,CbtR-1,Hunting-1,Survival-1
Guide:::Lucienne Pap:597987:F:28:2:1:Doer:JoT-1,CbtR-1,Leader-1,Survival-1
Guide:::Tammy Gervais:46AC63:F:40:5:3:Responder:CbtR-1,Vehicle-1,Recon-1,GunCbt-2
Guide:::Martin Maynard:37A985:M:31:3:2:Doer:CbtR-1,Persuade-1,GunCbt-1
Guide::Baron:Neal Lott:97636C:M:22:1:3:Responder:CbtR-1,Persuade-1,GunCbt-1
Guide:::Cherie Marais:B95577:F:22:1:2:Contemplator:CbtR-1,Persuade-1
Guide::Knight:Laverne Evans:3A578B:M:43:6:2:Responder:CbtR-1,Persuade-1,GunCbt-2,Leader-1,Art(any)-1
Guide::Baroness:Susan Marquez:83573C:F:22:1:1:Contemplator:CbtR-1,Persuade-1,Art(any)-1
Guide:::Devon Jung:485859:F:31:3:1:Doer:CbtR-1,GunCbt-1,Leader-2,Art(any)-1
Guide:::Angel Romano:727457:M:32:3:5:Contemplator:CbtR-1,Vehicle-1,Recon-1,Computer-1
Guide:::Loida Reid:677746:F:34:4:1:Influencer:CbtR-1,Persuade-1,Recon-1,Art(any)-1,Survival-1,Trade(any)-1
Guide:::Luis Parent:758568:F:36:4:3:Contemplator:CbtR-1,Leader-1,Art(any)-1,Trade(any)-2,Computer-1
Guide:::Jung Legrand:6B77A8:F:32:3:4:Doer:CbtR-1,Vehicle-1,Streetwise-1
Guide:::Elisha Simonin:493468:M:28:2:2:Shaper:CbtR-1,Trade(any)-1,Computer-1
Guide:::Wilton MacDonald:878CA7:M:31:3:5:Influencer:CbtR-1,Recon-1,Leader-2
Guide:::Shawanna Olive:A56486:F:42:6:1:Doer:CbtR-1,Vehicle-1,Recon-1,GunCbt-1,Art(any)-1,Survival-1,Computer-1
Guide:::Pasquale Takács:A8B577:M:39:5:3:Responder:CbtR-1,Recon-1,Hunting-1,Trade(any)-1,Computer-1
Guide:::Stacey Thery:879785:M:35:4:4:Doer:Liason-1,Advocate-1,CbtR-1
Guide:::Cletus Prieto:77BC49:M:40:5:6:Contemplator:CbtR-1,Leader-1,Survival-1,Trade(any)-1,Computer-1
Guide:::Val Guignard:686666:M:32:3:4:Responder:CbtR-1,Vehicle-1,GunCbt-1,Trade(any)-1
Guide:::Raymond Fábián:7572A6:M:44:6:2:Responder:Science(any)-1,Advocate-1,CbtR-1,Recon-1,GunCbt-1,Leader-2,Trade(any)-1
Guide:::Lonna Dufour:874563:F:42:6:1:Contemplator:CbtR-1,Vehicle-1,Persuade-1,Leader-1,Hunting-1,Computer-2
Guide:::Erin Armand:8A2668:M:34:4:3:Contemplator:CbtR-1,Survival-1,Computer-1
Guide:NR::Jonatan Buisson:96AA77:M:17:0:10:Influencer:Tracked-0,CbtRifle-1
Guide:::Candida Székely:5AD6C3:F:39:5:4:Responder:CbtR-1,Persuade-1,Recon-1,Leader-1,Computer-1
Guide:::Bryce Martel:B8A89A:M:44:6:2:Responder:JoT-1,Liason-1,CbtR-1,GunCbt-1,Leader-1,Computer-2
Guide:::Usha Brunel:259AD6:F:22:1:4:Responder:CbtR-1
Guide:::Fabiola Pelletier:9A6992:F:22:1:4:Responder:CbtR-1,Recon-1
Guide:::Tarsha Griffith:5254A3:F:24:1:3:Responder:CbtR-1,Computer-1
Guide:::Rick Allard:456888:M:31:3:1:Responder:CbtR-1,GunCbt-1,Survival-1,Trade(any)-1
Guide:::Stefania Cohen:486569:F:27:2:3:Contemplator:CbtR-1,GunCbt-2,Leader-1
Guide:::Chase Flores:8688B8:M:42:6:1:Responder:JoT-1,Advocate-1,CbtR-1,Vehicle-1,Persuade-1,Survival-1
Guide:NR::Cory Singleton:59C475:M:34:4:15:Shaper:JoT-2,CbtR-1,Vehicle-1,Persuade-1,Recon-1
Guide:::Maria Newman:6B437A:M:44:6:3:Responder:JoT-2,CbtR-1,Trade(any)-2,Computer-1
Guide:::Lonnie Wheeler:4B4348:M:28:2:6:Responder:CbtR-1,Persuade-1,Leader-1
Guide:::Frederic Thorsen:C95589:M:27:2:1:Influencer:CbtR-1,Leader-1,Hunting-1
Guide:::Stanton Faucher:997346:M:30:3:1:Responder:JoT-1,CbtR-1,Leader-1,Art(any)-1
Guide:::Maria Imbert:967799:M:43:6:6:Doer:Science(any)-1,CbtR-1,Persuade-1,Leader-1,Survival-2
Guide:::Melonie Verhoeven:5674A8:F:43:6:6:Responder:Science(any)-1,CbtR-1,Vehicle-1,Persuade-1,Art(any)-2,Survival-1
Guide:::Kelvin Snow:A557B5:M:34:4:4:Mover:Advocate-1,CbtR-1,Leader-2,Art(any)-1
Guide:::Tamiko Samuelsson:989586:F:43:6:3:Doer:JoT-1,CbtR-1,GunCbt-1
Guide:::Nancee Nash:B37A9A:F:24:1:5:Shaper:CbtR-1,Hunting-1
Guide:::Tristan Petty:3C688A:M:24:1:2:Contemplator:JoT-1,CbtR-1,Vehicle-1
Guide:::Merlene Vignal:6B7387:F:30:3:6:Responder:JoT-1,Advocate-1,CbtR-1,Hunting-1,Computer-1
Guide:::Dillon Hogan:793696:M:32:3:6:Doer:CbtR-1,Persuade-1,Computer-1
Guide::Dame:Kimberly Collin:9597BB:F:22:1:3:Responder:CbtR-1,Persuade-1
Guide:::Otto Gonzales:4A9788:M:43:6:1:Doer:JoT-2,CbtR-1,Vehicle-1,GunCbt-1,Leader-1
Guide:::Lawana Tournier:997898:F:42:6:6:Doer:JoT-1,Liason-1,Science(any)-1,CbtR-1,GunCbt-1,Leader-1,Survival-1,Trade(any)-1
Guide:::Michel Auffret:B99B57:M:43:6:4:Responder:CbtR-1,Leader-1,Hunting-2
Guide:::Carina York:656857:F:28:2:4:Shaper:CbtR-1,Leader-1
Guide:::Jarod Klein:445948:M:39:5:4:Doer:JoT-2,CbtR-1,Recon-1,Survival-1
Guide:::Arturo Latour:297858:M:27:2:1:Contemplator:CbtR-1,Hunting-1
Guide:::Sunshine Rosario:A5A85A:F:24:1:4:Responder:CbtR-1,GunCbt-1
Guide:::Eduardo Ray:C6AC75:M:36:4:2:Responder:CbtR-1,Persuade-1,Hunting-1,Survival-1
Guide:::Lazaro Dudley:648897:M:39:5:4:Responder:CbtR-1,Leader-1,Hunting-1,Computer-1
Guide:::Gertude Dodson:655BB9:F:24:1:3:Influencer:Science(any)-1,CbtR-1,Persuade-1
Guide:::Gale Fuller:889876:F:44:6:4:Shaper:CbtR-1,Vehicle-1,GunCbt-1,Hunting-1,Art(any)-1
Guide:::Marine Eriksen:687A99:F:39:5:5:Influencer:Liason-1,CbtR-1,Leader-1
Guide:::Huey Daniel:79766A:M:39:5:2:Responder:JoT-1,CbtR-1,Art(any)-1,Trade(any)-1
Guide:::Dannie Sandberg:9AA879:M:43:6:1:Influencer:JoT-2,CbtR-1,Recon-1,Hunting-1,Survival-1
Guide:::Pilar Legros:A85979:F:39:5:2:Doer:CbtR-1,Vehicle-1,Persuade-1,Hunting-1
Guide:::Eric Aubry:8A7669:F:40:5:3:Responder:CbtR-1,Recon-1,GunCbt-1,Leader-1,Hunting-1,Art(any)-1
Guide:::Ryan Russell:58A8AA:F:23:1:2:Mover:Advocate-1,CbtR-1,Hunting-1
Guide:::Garfield Surname:692457:M:43:6:3:Producer:CbtR-1,Vehicle-1,Art(any)-1,Survival-1,Computer-1
Guide:::Santos Ek:9896B4:M:36:4:4:Responder:CbtR-1,Vehicle-1,Trade(any)-1
Guide:::Norene Szűcs:67A946:F:24:1:2:Responder:CbtR-1,Recon-1,Survival-1
Guide:::Jodie Guillot:6AB887:F:44:6:6:Responder:CbtR-1,Leader-1,Hunting-3,Trade(any)-1,Computer-1
Guide:::Terry Duhamel:5C8695:F:26:2:1:Doer:JoT-1,CbtR-1
Guide:::Sixta Gil:775A67:F:43:6:3:Doer:CbtR-1,GunCbt-2,Hunting-1,Survival-1,Trade(any)-1,Computer-2
Guide:::Werner Garrison:598476:M:34:4:2:Influencer:CbtR-1,Vehicle-2,Persuade-2,Hunting-1
Guide::Baroness:Paul Walton:6B295C:F:38:5:6:Doer:CbtR-1,Vehicle-1,GunCbt-1,Leader-1,Hunting-1,Survival-1
Guide:::Tanner Hamelin:A89A88:M:38:5:3:Doer:JoT-1,CbtR-1,Persuade-1,Art(any)-1,Survival-1
Guide:NR::Albin Hultberg:77734A:M:20:0:13:Responder:CbtRifle-2,Gambling-0
Guide:::Karima Graves:847B24:F:34:4:5:Responder:CbtR-1,Vehicle-1,Persuade-1,Leader-1,Trade(any)-1,Computer-1
Guide:::Larhonda Allison:665C67:F:27:2:4:Doer:CbtR-1,Survival-1,Trade(any)-1
Guide:NR::Ervin Puckett:5B7485:M:40:5:13:Mover:JoT-1,CbtR-1,Vehicle-1,Persuade-1,Recon-1,Leadership-1
Guide::Knight:Vince Miquel:8CC94B:M:26:2:3:Responder:CbtR-1,Persuade-1,Recon-1
Guide:::Christal Hatfield:6878A6:F:27:2:2:Mover:Advocate-1,CbtR-1,Survival-1
Guide:::Joye Mullen:954284:F:39:5:3:Doer:CbtR-1,Recon-1,Leader-1,Hunting-1,Survival-1
Guide:::Stacy Gallois:7C845A:F:36:4:6:Responder:CbtR-1,GunCbt-1,Art(any)-1,Survival-2
Guide:NR::Monika Buske:855795:F:16:0:12:Doer:CbtRifle-1
Guide:::Jody Caillet:5A2AA7:M:31:3:6:Contemplator:CbtR-1,Streetwise-1,Hunting-1
Guide:::Lyla Jonasson:28A868:F:32:3:6:Contemplator:CbtR-1,Persuade-1,Recon-1,Computer-1
Guide:::Chang Pittman:77A778:F:39:5:5:Doer:CbtR-1,Vehicle-1,Recon-1,Trade(any)-1,Computer-1
Guide:::Bob Summers:777A26:M:26:2:3:Responder:CbtR-1,Vehicle-1,Persuade-1,Survival-1
Guide:::Mercedez Rasmussen:5794BA:F:24:1:4:Responder:CbtR-1,Hunting-1,Computer-1
Guide:::Minda Cadiou:277C84:F:31:3:3:Responder:Liason-1,CbtR-1,Art(any)-1,Trade(any)-1
Guide:::Terrell Rollins:AA6769:F:42:6:5:Responder:CbtR-1,Vehicle-1,Art(any)-1,Survival-2,Computer-1
Guide:NR::Paul Barriere:698587:M:21:0:12:Shaper:Medic-0,CbtRifle-2
Guide:::Franklyn Drake:7BB695:M:22:1:4:Contemplator:CbtR-1,Survival-1
Guide:::Argentina Bardet:668866:F:34:4:4:Responder:CbtR-1,Hunting-2,Trade(any)-1
Guide:::June Pons:876276:F:22:1:6:Responder:CbtR-1,Recon-1
Guide:::Jason Bonhomme:559A46:M:34:4:5:Responder:CbtR-1,Vehicle-2,Hunting-1,Computer-1
Guide:::Margarite Pearson:353597:F:31:3:3:Responder:JoT-1,CbtR-1,Persuade-1,Leader-2
Guide:::Rhoda Arias:52C7B9:F:23:1:2:Mover:CbtR-1,Art(any)-1
Guide:::Aurelio Kun:969596:M:44:6:5:Doer:CbtR-1,Persuade-1,Recon-1,Hunting-2,Art(any)-1,Computer-1
Guide:::Galina Rivers:B58946:F:22:1:4:Doer:CbtR-1,Survival-1
Guide:::Evalyn Johnsen:489B86:F:27:2:3:Doer:Science(any)-1,CbtR-1,Persuade-1,Leader-1
Army:Force Commander::Liberty Björk:35A766:F:26:2:8:Influencer:Vehicle-1,GunCbt-4,Mechanical-1
Army:Force Commander::Vanesa Pepin:6AC774:F:26:2:8:Responder:Tactics-1,Brawling-1,GunCbt-3
Army:Gunnery Sergeant::Georgiana Dean:845B36:F:42:6:11:Mover:Tactics-1,Medic-1,Blade-3,GunCbt-2,Mechanical-1
Army:Leading Sergeant::Stewart Marchal:997696:M:35:4:8:Responder:Admin-1,GunCbt-1,Leader-1,Engineer-1
Army:Force Commander::Russell Fievet:938C96:M:27:2:7:Doer:Gunnery-1,Vehicle-1,Medic-1,GunCbt-3
Army:Lance Sergeant::Tyrell Cherry:885A55:M:28:2:7:Responder:Vehicle-1,GunCbt-1,Mechanical-1,HeavyWpns-1
Army:Leading Sergeant::Tracey Mille:88AA56:M:35:4:11:Influencer:Vehicle-1,Blade-1,GunCbt-2
Army:Colonel::Antonio Emerson:6566C5:M:36:4:11:Doer:Brawling-1,Electronic-1,GunCbt-3,Computer-1
Army:Corporal::Chantell Godard:25A668:F:24:1:5:Doer:GunCbt-2,Gambling-1
Army:Lance Sergeant::Myrna Parrish:8C9997:F:26:2:6:Contemplator:GunCbt-2,Engineer-1,Computer-1
Army:First Sergeant::Trent Sørensen:56BC78:M:38:5:7:Contemplator:Brawling-1,GunCbt-2,VaccSuit-1
Army:Lieutenant Colonel::Miles Varin:996C67:M:31:3:10:Shaper:Tactics-1,Recon-1,GunCbt-4
Army:Gunnery Sergeant:Baron:Teddy Mann:49965C:M:44:6:13:Doer:Tactics-3,Brawling-1,Recon-1,GunCbt-3
Army:Brigadier::Shanna Pages:744776:F:38:5:13:Mover:Brawling-1,Electronic-1,GunCbt-2,Mechanical-2,VaccSuit-1,Gambling-1
Army:Brigadier::Steven Pieters:486784:F:40:5:9:Doer:Demolition-2,Admin-1,Vehicle-1,GunCbt-3,VaccSuit-1
Army:Lance Sergeant::Denae Bowers:59A762:F:27:2:9:Responder:Recon-2,GunCbt-2
Army:Leading Sergeant::Hiram Logan:473332:M:35:4:6:Doer:Vehicle-1,Recon-2,Electronic-1,GunCbt-1,Mechanical-1
Army:Sergeant::Mitch Hutchinson:7C3465:M:30:3:7:Contemplator:Recon-1,Electronic-1,GunCbt-1,Mechanical-1,VaccSuit-1
Army:Sergeant::Adam Dominguez:553496:M:32:3:10:Responder:Tactics-1,Recon-1,Electronic-2,GunCbt-1
Army:Leading Sergeant::Odell Cooley:979555:M:34:4:9:Responder:Brawling-1,Medic-1,Blade-2,GunCbt-2
Army:Brigadier::Dagny Thys:7B8969:F:43:6:9:Responder:Tactics-2,Brawling-1,Vehicle-1,GunCbt-2,Gambling-1
Army:Leading Sergeant:Knight:Rocky Paris:57489B:M:34:4:9:Responder:Gunnery-1,Electronic-1,GunCbt-3,Leader-1
Army:First Sergeant::Lawerence Sandberg:A779C6:M:40:5:10:Responder:Admin-1,Vehicle-2,Electronic-1,GunCbt-1,Leader-1,HeavyWpns-1
Army:Lance Sergeant::Leanna Peterson:477495:F:28:2:4:Doer:Vehicle-1,Blade-1,GunCbt-1,Gambling-1
Army:Leading Sergeant::Lissa Erickson:64A683:F:35:4:9:Mover:Gunnery-1,Electronic-1,GunCbt-2,HeavyWpns-1,Computer-1
Army:Sergeant::Elane Nielsen:7A5996:F:31:3:8:Responder:Brawling-1,GunCbt-1,Mechanical-2,Gambling-1
Army:Lance Sergeant::Angelia Olivier:7997A4:F:26:2:4:Responder:Demolition-1,GunCbt-2
Army:Lance Sergeant::Anibal Richards:C7C697:M:28:2:6:Mover:Admin-1,Electronic-1,GunCbt-1
Army:Leading Sergeant::Clay Zimmermann:9CC645:M:34:4:9:Producer:Tactics-1,Recon-1,Electronic-1,Blade-1,GunCbt-1
Army:Corporal::Erich Martinez:A6AC75:M:22:1:8:Doer:Recon-1,Blade-1,GunCbt-1
Army:First Sergeant::Nobuko Lebrun:89A462:F:38:5:10:Responder:Brawling-1,Vehicle-1,Electronic-1,GunCbt-1
Army:Gunnery Sergeant:Dame:Lucretia Hester:32739B:F:42:6:8:Responder:GunCbt-4,Medical-1,Computer-1
Army:First Sergeant::Bambi Bosmans:695A98:F:40:5:8:Influencer:Medic-1,GunCbt-1,HeavyWpns-1,Computer-1
Army:Force Commander::Hung Barnett:569B68:M:28:2:10:Doer:Recon-1,Blade-1,GunCbt-3
Army:Lance Sergeant::Kittie Vörös:695637:F:26:2:9:Shaper:Vehicle-1,Medic-1,GunCbt-1
Army:Lance Sergeant:Baron:Elliott Goujon:A54ACC:M:27:2:5:Influencer:Tactics-1,GunCbt-2,Gambling-1
Army:Brigadier::Cornell Stephan:6459C5:M:42:6:9:Doer:Demolition-1,Tactics-3,Admin-1,Vehicle-1,GunCbt-3
Navy:Captain::Marnie Holden:837298:F:35:4:9:Responder:JoT-1,Navigation-1,Electronic-1,GunCbt-2
Navy:Lieutenant::Lacy Robinson:899997:F:26:2:6:Contemplator:Engineering-1,Computer-1
Navy:Admiral:Marquesa:Meda Martinsson:6A697D:F:43:6:11:Mover:ShipsBoat-1,Electronic-1,Blade-1,GunCbt-3,Engineering-1,VaccSuit-2
Navy:Lieutenant:Baron:Carlo Hayes:BA77AC:M:26:2:7:Influencer:Admin-1,Gunnery-1,Blade-1
Navy:Lieutenant::Nam Charrier:439979:F:27:2:5:Responder:Blade-1,VaccSuit-1,FwdObs-1
Navy:Admiral:Dame:Alina Valencia:8A72BB:F:40:5:7:Doer:JoT-1,Navigation-2,Engineering-1,Computer-1
Navy:Captain::Sherley Vik:658A95:F:36:4:11:Responder:JoT-1,ShipsBoat-1,Admin-1,Electronic-1,Medical-1,Engineering-1
Navy:Sublieutenant::Lura Hall:8AA6B4:F:23:1:6:Mover:Admin-1,Electronic-1,VaccSuit-1,FwdObs-1
Navy:Admiral::Piedad Godart:A863BA:F:39:5:12:Responder:JoT-1,Mechanical-2,VaccSuit-1
Navy:Admiral:Knight:Garry Whitley:3B74AB:M:44:6:13:Responder:JoT-1,Admin-1,Electronic-1,GunCbt-1,Medical-2,Pilot-1
Navy:Senior Chief Petty Officer::Carolyne Combs:638977:F:40:5:11:Responder:JoT-1,ShipsBoat-1,Gunnery-1,Blade-1,FwdObs-1
Navy:Admiral::Tamekia Thevenet:587D87:F:44:6:12:Doer:ShipsBoat-1,Gunnery-1,Electronic-1,Blade-1,GunCbt-1,VaccSuit-1
Navy:Sublieutenant::Silas Hoover:6579A4:M:22:1:5:Influencer:Gunnery-1,GunCbt-1,VaccSuit-1
Navy:Sublieutenant::Lyda Blanchet:5748C5:F:24:1:5:Responder:Navigation-1,Mechanical-1,Medical-1
Navy:Admiral:Dame:Simonne Holt:77A68B:F:40:5:9:Doer:JoT-1,ShipsBoat-1,GunCbt-1,Engineering-1,VaccSuit-1,Computer-1
Navy:Lieutenant Commander::Oleta Carlsson:889575:F:30:3:7:Responder:JoT-1,Blade-1,Mechanical-1,FwdObs-1
Navy:Lieutenant::Filiberto Albert:968669:M:26:2:6:Responder:Gunnery-1,Electronic-1,GunCbt-1,Mechanical-1
Navy:Petty Officer Third Class::Bryant Salas:5AA559:M:22:1:6:Responder:FwdObs-1
Navy:Sublieutenant::Kindra Vass:786766:F:23:1:4:Mover:Blade-1,Mechanical-1
Navy:Captain:Baron:Omer Honore:38787C:M:34:4:8:Responder:Mechanical-1
Navy:Lieutenant Commander::Milo Miranda:775773:M:30:3:7:Influencer:JoT-2,Gunnery-1,Blade-2,Engineering-1
Navy:Admiral::Olive Hopkins:87B7B5:F:43:6:13:Contemplator:ShipsBoat-1,Gunnery-1,Electronic-1,Mechanical-1,Medical-1,Computer-1,FwdObs-1
Navy:Petty Officer Second Class::Ricardo Lewis:A58348:M:28:2:6:Shaper:Blade-1
Navy:Lieutenant Commander::Elli Francois:665B98:F:31:3:9:Doer:ShipsBoat-1,Gunnery-1,Engineering-1,VaccSuit-1
Navy:Admiral::Josefa Jacquet:C7997A:F:42:6:12:Contemplator:JoT-1,ShipsBoat-1,Electronic-1,GunCbt-1,Mechanical-1,VaccSuit-1
College:Undergrad:Dame:Lesa Cano:89984B:F:20:0:3:Responder:Computer-1
College:Undergrad::Philip Lemoine:6575C8:M:20:0:5:Influencer:Computer-1
College:Undergrad::Britt Kristensen:A96686:M:19:0:4:Influencer:Electronic-1,Computer-1
College:Undergrad::Aja Curtis:846397:F:20:0:6:Mover:Computer-1,Administration-1
College:Undergrad::Bryon Chemin:6A56A9:M:20:0:6:Responder:Computer-1
College:Undergrad::Johnathan Rivera:856647:M:20:0:5:Doer:Vehicle-1,Computer-1
College:Undergrad::Harold Jørgensen:784497:M:18:0:3:Doer:Vehicle-1,Computer-1
College:Undergrad::Randa Esteve:597299:F:20:0:2:Contemplator:Electronic-1,Computer-1
College:Undergrad::Laveta Jónás:88827A:F:20:0:6:Doer:Electronic-1,Computer-1
College:Undergrad::Reinaldo Martinsson:786989:M:19:0:2:Responder:Computer-1,Athletics-1
College:Undergrad::Marge Holman:A8CA88:F:19:0:3:Mover:Computer-2
College:Undergrad::Shawnna McLaughlin:857688:F:19:0:2:Responder:Computer-1,Athletics-1
College:Undergrad::Suzi Guyon:773257:F:20:0:4:Responder:Vehicle-1,Computer-1
College:Undergrad::Laronda Ortega:B755B6:F:20:0:1:Responder:Computer-2
College:Undergrad::Cassaundra Goff:77A49A:F:18:0:5:Influencer:Computer-1,Administration-1
College:Undergrad::Rueben Ramirez:878B66:M:19:0:2:Influencer:Electronic-1,Computer-1
College:Undergrad::Macy Chiron:446856:F:20:0:5:Responder:Vehicle-1,Computer-1
College:Undergrad::Domonique Lara:22C798:F:18:0:2:Doer:Computer-1
College:Undergrad::Roy Hermansson:47AB86:M:19:0:4:Influencer:Computer-1,Athletics-1
College:Undergrad::Edgardo Rigal:546597:M:20:0:1:Influencer:Computer-2
College:Undergrad:Knight:Eusebio Walsh:49378B:M:19:0:3:Influencer:Vehicle-1,Computer-1
College:Undergrad::Orlando Rio:AA9A66:M:18:0:2:Producer:Computer-1
College:Undergrad::Magnolia Merlin:B77598:F:19:0:6:Mover:Electronic-1,Computer-1
College:Undergrad::Antonia Hall:995BA6:F:20:0:4:Doer:Leader-1,Computer-1
College:Undergrad::Bob Stephan:A66896:M:19:0:6:Doer:Computer-1
College:Undergrad::Merle Combes:94B686:M:19:0:5:Doer:Vehicle-1,Computer-1
College:Undergrad::Porter Michael:355297:M:20:0:5:Doer:Vehicle-1,Computer-1
College:Undergrad:Baroness:Alba Danielsson:28969C:F:18:0:2:Influencer:Computer-1
College:Undergrad:Dame:Chassidy Ortiz:8CA68B:F:19:0:6:Responder:Leader-1,Computer-1
College:Undergrad::Kyla Russell:68749A:F:19:0:6:Responder:Computer-1,Athletics-1
College:Undergrad::Logan Sandvik:988976:M:20:0:4:Responder:Computer-1
College:Undergrad::Lissa Chevrier:776886:F:20:0:6:Contemplator:Medical-1,Computer-1
College:Undergrad::Maryland Eliasson:96377A:F:18:0:5:Responder:Computer-1
College:Undergrad::Reanna Strömberg:796496:F:19:0:4:Shaper:Vehicle-1,Computer-1
College:Undergrad::Roxane Cooper:A88B96:F:18:0:1:Responder:Computer-1
College:Undergrad:Dame:Jacqulyn Abrahamsen:565B8B:F:20:0:1:Responder:Computer-1
College:Undergrad::Irving Schaeffer:936B88:M:19:0:2:Responder:Vehicle-1,Computer-1
College:Undergrad::Billie Dumont:795877:F:19:0:3:Contemplator:Computer-1
College:Undergrad::Christie Best:78BB87:F:19:0:2:Doer:Computer-1,Administration-1
College:Undergrad::Scotty Renaud:B76666:M:20:0:6:Doer:Vehicle-1,Computer-1
College:Undergrad::Shon Good:5A8968:M:18:0:3:Shaper:Computer-1,Administration-1
College:Undergrad::Sam Söderberg:C77786:F:18:0:2:Contemplator:Computer-1
College:Undergrad::Twanna Nemes:546759:F:19:0:2:Responder:Computer-1,Administration-1
College:Undergrad::Roland Serra:478986:M:19:0:6:Shaper:Computer-1,Athletics-1
College:Undergrad::Sena Cardon:873766:F:18:0:3:Shaper:Computer-1
College:Undergrad:Baron:Shon Barron:B6797C:M:20:0:4:Shaper:Computer-1,Administration-1
College:Undergrad::Michaele Morice:765689:F:18:0:2:Responder:Vehicle-1,Computer-1
College:Undergrad::Spring Gillespie:2C24A9:F:20:0:6:Responder:Computer-1
College:Undergrad::Marva Thevenet:B33666:F:20:0:4:Responder:Vehicle-1,Computer-1
College:Undergrad::Yen George:C786C7:F:18:0:4:Contemplator:Computer-1
Entertainer:::Eugene Begue:538A76:F:38:5:5:Responder:Carouse-1,Streetwise-1,Art(any)-2,Computer-1,Athletics-1
Entertainer:::Mark McKee:679B88:M:27:2:4:Responder:Liason-1,Art(any)-1,Gambler-1
Entertainer::Knight:Loyd Montagne:B4444B:M:30:3:2:Producer:Comms-1,Persuade-1,Art(any)-2,Gambler-1
Entertainer:::Boyd Hardin:BA77A7:M:26:2:1:Contemplator:Streetwise-1,Art(any)-2
Entertainer:::Ilana Cooke:55AB56:F:30:3:3:Shaper:Deception-2,Comms-1,Streetwise-1,Art(any)-1
Entertainer:::Glennis Parsons:858C88:F:35:4:5:Doer:Science(any)-1,Deception-1,Persuade-1,Art(any)-1,Athletics-1
Entertainer:::Sydney Boutin:C66567:M:31:3:2:Contemplator:Art(any)-2,Computer-1
Entertainer:NR::Kayleigh Davidson:BC9886:F:23:1:6:Responder:Persuade-1,Streetwise-1,Art(metalworking)-1
Entertainer:::Lisha Fernandez:5838AA:F:43:6:4:Contemplator:Liason-1,Deception-1,Advocate-1,Persuade-1,Streetwise-2,Art(any)-2
Entertainer::Dame:Nickie Walter:C9864B:F:40:5:4:Producer:Carouse-1,Art(any)-2,Trade(any)-1,Athletics-1
Entertainer:::Cherise Vandenberghe:66895A:F:44:6:3:Responder:Comms-1,Art(any)-3,Trade(any)-1,Steward-1,Computer-1
Entertainer:::Herbert Salles:478587:M:44:6:5:Shaper:Advocate-1,Persuade-1,Art(any)-3,Gambler-1,Computer-1
Entertainer:::Emilio Remond:A9C699:M:26:2:2:Doer:Advocate-1,Streetwise-1,Art(any)-1
Entertainer:NR::Margaret Besse:788942:F:44:6:11:Mover:Deception-1,Comms-1,Art(theatrics)-1,Streetwise-1,Gambler-1,Athletics-3
Entertainer:::Oretha Szilágyi:4A7667:F:23:1:5:Responder:Persuade-1,Art(any)-2
Entertainer:NR::Avery Bob:487849:M:35:4:6:Responder:Deception-1,Art(mechanical_sculpture)-4
Entertainer:::Gerard Dufour:776438:M:38:5:4:Doer:Comms-1,Carouse-1,Persuade-1,Art(any)-3
Entertainer:::Joey Berard:388795:M:36:4:6:Mover:Comms-1,Art(any)-2,Gambler-1
Entertainer:::Qiana Marchal:788672:F:28:2:3:Contemplator:Art(any)-1,Trade(any)-1,Steward-2
Entertainer:::Russ Moreno:568D48:M:39:5:2:Responder:Art(any)-2,Athletics-1
Entertainer:::Serena Cros:7A94C7:F:23:1:1:Doer:Comms-1,Art(any)-2
Entertainer:::Donovan Varga:735449:M:30:3:4:Responder:Persuade-1,Art(any)-1,Steward-1,Computer-2
Entertainer:::Lloyd Strong:885855:M:44:6:1:Doer:Art(any)-4,Gambler-1,Trade(any)-1,Steward-1
Entertainer:::Chadwick Dyer:52BD66:M:43:6:2:Doer:Carouse-2,Art(any)-1,Gambler-1,Trade(any)-1,Steward-1,Computer-1
Entertainer:::Christiana Pap:477866:F:35:4:4:Contemplator:Persuade-2,Art(any)-2,Trade(any)-1,Computer-1
Entertainer::Baroness:Shaquita Mayo:76733C:F:22:1:4:Producer:Art(any)-2,Gambler-1
Entertainer:::Terrell Pierron:9C6455:M:28:2:6:Doer:Streetwise-1,Art(any)-2
Entertainer:::Lauran Townsend:7868A6:F:28:2:2:Responder:Art(any)-1,Athletics-1
Entertainer:::Hassan Rivas:878386:M:30:3:1:Doer:Comms-2,Art(any)-3
Entertainer:NR::Rasmus Vaden:697966:M:29:2:11:Responder:Computer-1
Entertainer:::Bette Stuart:359629:F:35:4:3:Responder:Deception-1,Art(any)-1,Computer-2
Entertainer:::Conchita Avila:367877:F:36:4:2:Doer:Art(any)-1,Gambler-1,Trade(any)-1
Entertainer:::Philomena Bonner:4C59A8:F:31:3:3:Contemplator:Art(any)-3,Steward-1
Entertainer:::Lekisha Galloway:687453:F:38:5:1:Responder:Persuade-1,Art(any)-1,Gambler-1,Trade(any)-1,Steward-1,Athletics-1
Entertainer:::Roger Josse:297649:M:35:4:2:Responder:Deception-1,Persuade-1,Streetwise-1,Art(any)-1,Trade(any)-1
Entertainer:::Beau Chemin:A3A576:M:32:3:3:Doer:Streetwise-1,Art(any)-1,Athletics-1
Entertainer:NR::Emilee Vignon:963668:F:22:1:6:Doer:Art(painting)-1,Streetwise-1,Steward-1
Entertainer:::Martina Massey:BAB788:F:23:1:1:Producer:Streetwise-1,Art(any)-1,Steward-1
Entertainer:::Bernard Besnard:9946B9:M:40:5:1:Responder:Persuade-1,Streetwise-1,Art(any)-1,Gambler-1,Steward-1
Entertainer:::Ethel Rasmussen:587A69:F:23:1:5:Doer:Carouse-1,Art(any)-2
Entertainer:::Lesley George:5B7794:M:31:3:6:Responder:Liason-1,Art(any)-1,Gambler-1,Computer-1,Athletics-1
Entertainer:NR::Benton Perrot:3B98AA:M:22:1:5:Responder:Art(poet)-1
Entertainer:::Deonna Jarvis:858757:F:35:4:2:Responder:Persuade-1,Streetwise-1,Art(any)-2,Computer-2
Entertainer:::Leland Wauters:AC4A87:M:44:6:2:Producer:Streetwise-1,Art(any)-5,Computer-1,Athletics-1
Entertainer:::Elliot Wallin:753797:M:39:5:5:Responder:Advocate-1,Persuade-1,Streetwise-1,Art(any)-2,Gambler-1
Entertainer:::Elvina Ekström:7C6775:F:39:5:2:Responder:Comms-1,Persuade-1,Streetwise-1,Art(any)-2,Computer-1,Athletics-1
Entertainer:::Ema Mangin:877AB9:F:40:5:4:Contemplator:Carouse-1,Art(any)-1,Trade(any)-2,Athletics-1
Entertainer:::Damian Aubry:7B8928:M:39:5:4:Producer:Persuade-1,Art(any)-3,Steward-1
Entertainer:::Carly Quere:598AAA:F:22:1:1:Contemplator:Comms-1,Carouse-1,Art(any)-1
Entertainer:::Franklyn Dupin:877978:M:38:5:3:Mover:Deception-2,Carouse-1,Persuade-1,Art(any)-1,Gambler-1,Computer-1
Entertainer:::Shane Proust:8AA8A7:M:42:6:2:Contemplator:Liason-2,Persuade-1,Art(any)-2,Trade(any)-1,Steward-1
Entertainer::Dame:Audra Guillot:8A797B:F:39:5:6:Doer:Comms-2,Persuade-2,Art(any)-2
Entertainer:::Lino Reilly:686757:M:31:3:3:Mover:Comms-1,Streetwise-1,Art(any)-2
Entertainer:::Ronald Barna:649766:M:31:3:5:Mover:Persuade-1,Art(any)-2,Gambler-1
Entertainer:::Eliseo Hussain:635588:M:42:6:6:Responder:Liason-1,Deception-1,Comms-1,Streetwise-2,Art(any)-1,Gambler-1
Entertainer:::Rhett Fekete:367A66:M:43:6:6:Influencer:Deception-1,Carouse-1,Streetwise-2,Art(any)-1,Gambler-1
